ts,temp_c,precip_mm,consumer_confidence,cpi,unemployment_rate,usd_index,retail_sales_index
1765560931700,16.52,9.02,92.72,297.75,4.28,99.73,112.81
1765564531700,15.27,8.92,92.14,297.72,4.40,99.44,112.71
1765568131700,16.01,8.76,93.26,297.10,4.31,99.84,112.08
1765571731700,16.69,7.50,92.31,297.59,4.35,99.80,112.69
1765575331700,16.11,6.59,92.12,297.04,4.20,100.05,112.85
1765578931700,15.77,3.88,93.45,297.16,4.30,99.94,112.58
1765582531700,16.68,8.06,92.53,297.24,4.31,99.32,112.01
1765586131700,15.57,3.75,93.53,297.01,4.23,99.28,112.13
1765589731700,15.16,9.25,93.50,297.58,4.30,99.97,113.25
1765593331700,16.54,7.01,93.91,297.75,4.39,99.87,112.58
1765596931700,15.93,5.63,93.80,297.16,4.23,99.58,112.65
1765600531700,15.04,6.26,92.47,297.31,4.32,99.95,112.24
1765604131700,16.86,3.50,92.79,297.07,4.39,99.47,112.57
1765607731700,16.59,5.62,93.16,297.25,4.30,99.11,113.07
1765611331700,16.29,5.57,92.38,297.59,4.28,99.65,112.01
1765614931700,15.99,6.06,92.20,297.27,4.23,99.23,112.32
1765618531700,16.30,7.05,92.73,297.21,4.21,99.81,112.01
1765622131700,15.81,5.72,93.42,297.46,4.38,99.62,112.22
1765625731700,15.63,6.38,92.62,297.49,4.28,99.07,112.29
1765629331700,16.12,5.66,93.87,297.03,4.24,100.14,112.54
1765632931700,15.22,7.56,92.83,297.00,4.26,99.49,113.20
1765636531700,15.71,7.68,92.20,297.73,4.36,100.13,113.29
1765640131700,16.10,7.45,93.38,297.71,4.31,99.36,112.49
1765643731700,16.90,7.25,92.69,297.67,4.26,99.39,112.38
1765647331700,16.69,7.77,93.25,297.61,4.33,100.24,113.07
1765650931700,16.72,6.46,93.92,297.76,4.33,99.43,113.76
1765654531700,15.60,6.84,94.27,297.17,4.37,99.99,112.94
1765658131700,16.41,6.64,93.10,297.38,4.24,99.92,113.72
1765661731700,16.47,6.10,92.69,297.26,4.40,99.42,112.97
1765665331700,16.10,3.14,92.60,297.24,4.35,99.66,112.42
1765668931700,15.78,4.26,92.64,297.43,4.36,99.61,112.67
1765672531700,16.39,4.93,92.87,297.26,4.31,99.68,112.55
1765676131700,16.00,7.92,93.37,297.74,4.33,100.08,113.76
1765679731700,15.19,6.78,93.79,297.25,4.32,100.15,113.28
1765683331700,15.65,8.63,93.98,297.68,4.22,100.20,112.60
1765686931700,15.51,5.92,92.70,297.86,4.26,100.00,113.77
1765690531700,15.80,5.05,92.42,297.85,4.26,100.20,113.52
1765694131700,16.35,8.89,93.99,297.76,4.23,99.73,113.77
1765697731700,16.45,7.84,94.14,297.39,4.31,99.43,113.57
1765701331700,16.21,5.06,93.92,297.26,4.37,99.71,113.23
1765704931700,16.46,5.27,93.31,297.57,4.32,100.26,112.64
1765708531700,15.40,6.67,93.54,297.45,4.38,99.71,113.10
1765712131700,16.37,3.45,94.12,297.44,4.22,99.93,113.08
1765715731700,16.14,5.55,93.57,297.52,4.23,99.43,113.69
1765719331700,16.95,7.62,93.51,297.35,4.29,100.21,112.45
1765722931700,16.02,6.96,92.80,297.36,4.39,99.36,113.51
1765726531700,15.49,3.76,94.03,297.54,4.24,100.05,113.31
1765730131700,15.47,8.62,92.85,297.40,4.37,99.97,112.50
1765733731700,16.88,3.91,93.06,297.55,4.34,99.89,113.59
1765737331700,16.58,1.73,94.65,297.49,4.40,100.30,113.53
1765740931700,16.60,5.06,93.01,297.87,4.38,100.07,113.15
1765744531700,16.48,2.39,94.72,297.62,4.41,100.49,112.97
1765748131700,16.96,6.53,94.76,297.20,4.28,100.07,113.43
1765751731700,16.71,4.73,94.79,297.48,4.41,100.17,112.83
1765755331700,17.12,4.67,93.60,297.25,4.40,100.48,113.84
1765758931700,17.01,2.15,94.50,297.48,4.38,100.69,113.44
1765762531700,15.48,3.30,93.81,297.17,4.40,100.15,112.67
1765766131700,16.65,5.58,94.70,297.51,4.23,99.98,112.75
1765769731700,16.94,3.04,94.17,297.16,4.31,100.20,113.78
1765773331700,16.19,4.95,94.80,297.34,4.38,100.18,112.81
1765776931700,17.01,6.82,94.37,297.21,4.40,100.41,113.61
1765780531700,15.99,6.87,93.69,297.29,4.27,99.72,113.13
1765784131700,15.74,4.13,92.94,297.40,4.39,100.52,114.04
1765787731700,15.43,6.42,93.27,297.93,4.24,100.06,113.83
1765791331700,16.36,6.20,94.58,297.90,4.26,100.34,113.91
1765794931700,16.33,6.58,93.09,297.57,4.24,100.60,112.91
1765798531700,15.62,5.69,94.73,297.50,4.38,99.62,112.77
1765802131700,15.26,4.92,93.66,297.18,4.38,99.87,113.31
1765805731700,17.19,6.03,94.51,297.78,4.25,100.13,113.43
1765809331700,16.18,5.57,94.71,297.54,4.24,99.80,112.95
1765812931700,15.75,5.95,94.33,297.19,4.26,100.79,113.67
1765816531700,16.32,6.84,93.85,297.65,4.38,100.65,113.30
1765820131700,15.77,1.40,94.48,297.71,4.35,100.75,114.01
1765823731700,15.64,1.44,94.11,297.83,4.35,101.01,114.41
1765827331700,16.38,2.00,95.12,297.27,4.36,100.12,114.04
1765830931700,15.81,2.38,93.98,297.99,4.35,100.91,113.43
1765834531700,16.48,3.46,94.25,297.88,4.27,99.95,113.31
1765838131700,15.39,6.11,93.90,297.40,4.40,100.34,113.36
1765841731700,17.19,2.29,94.85,297.91,4.34,100.77,114.30
1765845331700,15.70,2.24,94.21,297.27,4.43,100.24,113.97
1765848931700,16.14,5.29,95.15,297.46,4.31,100.67,113.37
1765852531700,15.58,4.57,95.03,297.31,4.36,100.90,113.28
1765856131700,16.32,6.44,93.68,297.98,4.29,100.39,114.47
1765859731700,15.92,3.93,93.87,297.99,4.29,100.62,113.55
1765863331700,16.92,5.04,93.81,297.34,4.36,100.94,113.53
1765866931700,16.15,3.43,94.63,297.76,4.32,100.90,114.15
1765870531700,17.21,2.88,93.35,297.80,4.25,99.96,114.25
1765874131700,16.69,5.14,94.98,297.49,4.34,100.75,114.44
1765877731700,15.61,4.39,94.85,297.95,4.29,100.97,114.21
1765881331700,15.85,1.77,93.45,297.85,4.25,100.34,114.29
1765884931700,15.84,5.03,93.58,297.91,4.25,100.14,113.71
1765888531700,16.99,4.87,93.94,297.70,4.33,100.68,113.92
1765892131700,17.36,3.36,94.36,297.75,4.30,100.72,113.03
1765895731700,17.28,2.40,94.50,297.36,4.39,100.87,114.30
1765899331700,15.59,1.68,93.62,297.71,4.36,100.63,113.16
1765902931700,17.30,3.91,94.13,297.54,4.34,100.51,113.75
1765906531700,15.99,1.18,94.56,297.40,4.30,100.56,114.62
1765910131700,15.48,3.95,94.55,297.42,4.27,101.33,113.75
1765913731700,15.82,6.46,95.01,297.30,4.28,100.63,114.06
1765917331700,16.76,6.61,95.16,297.93,4.36,100.32,114.64
1765920931700,16.11,5.02,95.39,297.97,4.27,100.78,114.37
1765924531700,15.82,2.87,94.10,297.30,4.30,101.36,113.53
1765928131700,16.57,0.78,95.14,297.67,4.40,101.32,114.31
1765931731700,16.04,2.23,93.88,297.75,4.33,101.29,114.37
1765935331700,15.71,4.74,93.83,297.81,4.35,101.35,113.47
1765938931700,16.21,2.71,95.19,297.62,4.44,100.40,113.32
1765942531700,15.55,3.71,93.74,297.78,4.35,100.79,114.57
1765946131700,16.94,1.00,95.51,298.03,4.45,101.15,113.38
1765949731700,15.57,6.19,94.66,297.37,4.43,100.76,113.44
1765953331700,16.83,1.06,94.08,297.90,4.38,100.78,113.36
1765956931700,16.20,1.72,93.82,297.88,4.41,101.19,113.64
1765960531700,15.91,5.59,95.55,298.05,4.30,100.34,114.41
1765964131700,15.59,3.15,94.73,297.36,4.38,100.71,114.81
1765967731700,17.11,5.97,95.41,297.68,4.44,100.27,114.63
1765971331700,17.18,1.15,93.83,297.79,4.38,101.05,114.36
1765974931700,17.10,1.99,94.17,297.39,4.40,101.07,114.69
1765978531700,17.10,1.36,95.30,298.07,4.31,100.32,114.04
1765982131700,16.12,6.40,95.46,297.63,4.33,101.20,113.52
1765985731700,15.76,4.32,94.18,297.44,4.27,101.29,113.44
1765989331700,16.75,5.84,94.13,297.38,4.29,100.24,114.40
1765992931700,17.00,6.70,94.35,298.08,4.34,101.22,114.50
1765996531700,15.68,5.97,95.60,297.72,4.37,101.62,114.90
1766000131700,16.77,3.88,94.12,297.72,4.35,100.55,113.97
1766003731700,16.21,5.73,95.30,297.38,4.41,101.69,113.95
1766007331700,16.66,5.84,95.92,297.70,4.40,101.55,114.46
1766010931700,16.02,3.66,95.56,298.11,4.43,101.56,114.94
1766014531700,17.39,7.55,95.64,297.71,4.28,100.67,114.90
1766018131700,16.37,6.95,94.57,297.52,4.28,101.70,115.03
1766021731700,16.82,6.50,94.23,297.44,4.44,100.53,113.68
1766025331700,16.86,2.22,95.34,297.79,4.40,101.39,114.02
1766028931700,16.27,2.96,95.28,297.58,4.38,100.54,114.53
1766032531700,16.47,5.70,95.90,298.14,4.35,101.34,115.05
1766036131700,16.26,5.38,95.72,297.50,4.30,101.44,114.03
1766039731700,17.58,2.79,94.80,297.80,4.32,100.92,113.95
1766043331700,17.30,5.12,94.56,297.62,4.36,101.51,114.12
1766046931700,17.11,6.70,95.64,297.75,4.46,101.19,114.77
1766050531700,16.25,2.54,94.43,297.66,4.29,101.37,114.45
1766054131700,15.61,7.05,94.14,297.76,4.44,101.02,114.52
1766057731700,15.60,5.64,94.13,298.04,4.39,101.20,113.96
1766061331700,15.83,2.15,96.04,297.67,4.43,100.81,114.92
1766064931700,17.13,7.51,95.35,298.12,4.38,101.19,115.07
1766068531700,16.75,5.70,94.21,297.89,4.32,100.66,113.74
1766072131700,16.34,3.56,95.41,298.05,4.42,100.65,114.32
1766075731700,16.64,3.02,95.85,297.78,4.41,100.65,114.06
1766079331700,16.17,7.72,95.22,297.43,4.45,101.81,115.07
1766082931700,17.24,7.58,95.24,297.91,4.30,101.40,114.76
1766086531700,16.80,6.21,95.99,297.85,4.47,101.21,115.36
1766090131700,16.46,6.18,96.36,297.99,4.41,101.14,114.42
1766093731700,16.85,6.74,95.58,298.05,4.43,100.92,114.46
1766097331700,17.11,8.17,94.81,298.17,4.33,101.66,114.50
1766100931700,16.48,7.95,94.72,297.52,4.29,101.71,115.05
1766104531700,17.59,5.90,95.63,297.43,4.29,100.92,114.88
1766108131700,17.23,7.06,95.59,297.69,4.44,101.89,114.96
1766111731700,17.19,7.64,95.78,297.85,4.44,100.83,114.27
1766115331700,15.87,3.29,95.29,297.44,4.45,100.95,114.53
1766118931700,15.90,5.77,96.27,298.20,4.46,101.72,114.97
1766122531700,17.25,3.96,94.81,297.55,4.27,101.64,114.96
1766126131700,16.77,7.30,95.15,297.44,4.39,101.48,114.41
1766129731700,15.96,8.29,95.40,298.21,4.46,100.86,114.56
1766133331700,17.41,8.75,96.04,298.06,4.36,100.94,114.56
1766136931700,17.60,3.05,95.29,297.87,4.39,101.48,115.08
1766140531700,17.55,3.69,95.86,297.42,4.32,101.10,114.81
1766144131700,16.58,4.52,94.48,298.15,4.29,101.08,114.23
1766147731700,15.89,3.59,95.44,297.65,4.33,101.53,115.19
1766151331700,17.00,6.77,95.11,297.90,4.45,101.65,114.35
1766154931700,15.90,6.09,95.96,298.12,4.44,100.95,115.38
1766158531700,16.86,8.89,95.82,298.05,4.32,100.99,113.94
1766162131700,17.06,8.25,94.68,297.53,4.37,101.66,114.83
1766165731700,16.44,6.35,96.46,298.19,4.43,101.08,115.53
1766169331700,17.07,7.51,95.25,297.73,4.39,101.68,115.05
1766172931700,17.23,8.98,96.06,298.07,4.35,101.34,115.53
1766176531700,15.96,5.43,95.25,298.03,4.34,101.04,114.77
1766180131700,17.00,4.10,96.34,298.24,4.30,101.21,114.71
1766183731700,17.62,9.01,95.08,298.06,4.33,101.89,114.81
1766187331700,17.18,5.98,95.88,297.87,4.45,101.23,114.77
1766190931700,17.48,8.78,95.88,297.67,4.32,101.74,114.82
1766194531700,17.69,7.17,96.65,297.60,4.34,101.48,114.22
1766198131700,17.77,5.90,96.06,297.84,4.32,102.15,114.46
1766201731700,16.31,6.48,95.10,298.24,4.28,101.73,115.33
1766205331700,16.26,8.28,95.80,298.21,4.32,101.35,114.25
1766208931700,16.43,7.62,95.76,297.60,4.44,101.09,114.28
1766212531700,15.95,6.46,96.66,297.60,4.42,101.10,114.59
1766216131700,17.06,4.88,95.19,297.94,4.46,101.62,115.60
1766219731700,16.90,9.06,96.72,297.55,4.37,101.78,114.71
1766223331700,17.52,8.40,95.89,297.53,4.34,101.62,115.23
1766226931700,16.95,7.03,95.23,297.62,4.29,101.43,114.55
1766230531700,16.25,8.71,96.75,297.79,4.39,101.16,114.90
1766234131700,17.77,7.69,95.11,298.18,4.43,101.61,114.25
1766237731700,17.50,5.18,95.09,297.64,4.47,102.09,114.60
1766241331700,16.75,6.58,96.52,297.75,4.30,101.51,115.23
1766244931700,16.22,5.60,95.51,297.65,4.34,101.20,115.29
1766248531700,17.42,3.68,95.61,298.17,4.39,101.76,114.42
1766252131700,16.02,3.58,96.90,298.32,4.37,101.91,115.65
1766255731700,16.41,7.75,95.37,297.65,4.33,102.39,115.33
1766259331700,16.81,5.43,96.83,298.07,4.46,101.54,114.66
1766262931700,17.83,6.60,95.22,298.34,4.49,101.25,115.39
1766266531700,16.74,3.43,96.66,297.98,4.48,101.28,115.20
1766270131700,17.66,4.05,96.97,298.24,4.49,101.98,115.31
1766273731700,16.60,3.54,96.84,297.80,4.47,101.83,114.52
1766277331700,16.96,5.14,95.97,297.84,4.38,102.38,114.99
1766280931700,16.65,4.89,96.05,297.90,4.49,101.58,114.78
1766284531700,16.08,4.60,96.56,297.67,4.41,102.27,114.64
1766288131700,17.10,3.87,96.56,297.84,4.31,101.81,114.49
1766291731700,16.24,8.14,95.40,298.02,4.46,101.94,115.24
1766295331700,16.18,6.07,96.38,298.18,4.39,101.77,115.01
1766298931700,17.79,7.34,96.23,298.32,4.48,101.54,114.99
1766302531700,17.48,7.74,95.92,297.57,4.42,101.81,115.89
1766306131700,16.96,8.26,95.46,297.93,4.35,101.24,115.55
1766309731700,16.71,8.71,96.39,297.87,4.42,101.32,115.83
1766313331700,17.69,4.28,95.82,298.02,4.44,101.42,115.48
1766316931700,16.83,7.44,96.62,297.62,4.44,101.63,114.89
1766320531700,17.23,7.33,95.56,297.69,4.41,101.80,115.33
1766324131700,16.66,7.53,96.11,297.82,4.32,101.80,115.52
1766327731700,16.52,8.43,96.04,297.70,4.46,101.98,114.78
1766331331700,17.07,8.49,96.73,298.08,4.36,102.20,115.67
1766334931700,16.78,3.16,96.31,297.74,4.41,101.58,115.58
1766338531700,16.76,6.21,96.44,297.73,4.42,102.23,115.90
1766342131700,16.62,4.98,96.44,297.65,4.35,102.52,115.81
1766345731700,16.43,4.11,95.74,298.03,4.42,102.39,114.75
1766349331700,16.79,6.24,97.30,297.84,4.41,101.49,115.92
1766352931700,16.63,4.56,96.52,297.89,4.35,101.87,115.94
1766356531700,17.74,7.02,96.42,298.02,4.34,101.78,115.68
1766360131700,16.38,1.92,95.65,297.92,4.43,102.21,116.12
1766363731700,16.13,2.91,97.39,298.27,4.32,101.73,116.11
1766367331700,16.66,7.41,96.01,297.62,4.35,101.82,116.12
1766370931700,17.83,6.55,96.76,298.11,4.31,101.96,115.22
1766374531700,17.91,6.46,96.13,298.13,4.32,101.99,116.19
1766378131700,16.55,6.74,96.22,298.18,4.42,102.25,115.91
1766381731700,17.30,4.17,97.17,298.34,4.48,101.72,115.90
1766385331700,16.18,1.80,96.05,298.35,4.31,102.20,115.36
1766388931700,17.83,1.82,96.35,298.41,4.42,102.43,115.42
1766392531700,16.52,6.49,97.02,297.95,4.47,101.68,114.99
1766396131700,17.54,2.13,97.16,297.70,4.50,102.33,115.18
1766399731700,17.97,7.12,96.90,297.83,4.31,101.77,115.24
1766403331700,17.06,5.44,97.13,297.71,4.48,102.38,115.13
1766406931700,16.36,5.44,95.67,298.03,4.33,102.25,114.93
1766410531700,17.40,5.28,96.13,298.17,4.37,102.09,114.86
1766414131700,17.87,7.53,97.09,298.39,4.42,101.80,115.63
1766417731700,17.08,2.77,96.15,298.10,4.42,102.01,115.34
1766421331700,17.94,5.46,96.95,297.62,4.37,101.96,115.25
1766424931700,16.51,1.51,96.66,297.74,4.45,102.60,115.80
1766428531700,16.54,0.94,96.67,298.38,4.37,102.70,116.19
1766432131700,16.61,2.52,96.34,297.70,4.42,101.60,116.26
1766435731700,17.76,4.31,96.66,298.09,4.50,101.62,115.67
1766439331700,17.81,6.58,96.10,298.00,4.34,102.18,115.10
1766442931700,17.63,5.42,97.60,297.99,4.33,101.96,116.39
1766446531700,17.86,2.01,97.06,298.48,4.45,102.37,115.31
1766450131700,17.69,6.53,97.67,297.78,4.37,101.86,115.67
1766453731700,17.32,5.24,96.26,297.89,4.37,102.11,115.42
1766457331700,16.38,1.33,97.30,297.70,4.49,101.61,115.19
1766460931700,18.11,2.46,96.61,297.71,4.34,102.40,115.19
1766464531700,17.77,2.49,97.07,298.13,4.37,101.97,115.86
1766468131700,17.60,3.35,97.13,298.47,4.40,102.22,116.33
1766471731700,18.00,2.29,96.30,298.35,4.44,102.48,115.44
1766475331700,17.27,5.38,96.69,297.95,4.49,102.64,116.23
1766478931700,16.55,4.62,97.74,298.32,4.49,102.61,115.83
1766482531700,16.42,3.75,97.79,297.88,4.42,102.63,115.10
1766486131700,17.91,6.07,97.40,298.12,4.50,102.44,115.59
1766489731700,17.97,5.07,97.60,298.22,4.52,102.63,116.21
1766493331700,17.66,3.85,97.31,298.17,4.39,102.71,115.29
1766496931700,17.69,2.46,97.66,297.91,4.40,101.72,115.73
1766500531700,17.15,4.90,96.04,298.11,4.49,101.80,115.89
1766504131700,16.35,6.27,97.20,297.86,4.47,101.62,115.15
1766507731700,16.36,0.77,97.33,297.83,4.35,102.50,116.07
1766511331700,18.24,3.27,96.21,297.90,4.51,101.86,116.55
1766514931700,17.20,3.73,96.21,298.34,4.41,101.74,115.33
1766518531700,18.26,2.73,98.14,298.36,4.47,102.68,116.19
1766522131700,17.07,2.57,96.52,298.50,4.51,102.39,115.40
1766525731700,17.60,6.61,97.51,298.53,4.40,102.83,115.67
1766529331700,17.43,2.01,97.94,298.49,4.53,101.85,115.70
1766532931700,17.84,3.55,97.70,297.88,4.49,102.31,116.66
1766536531700,17.37,5.00,97.95,298.19,4.46,102.59,116.26
1766540131700,17.26,5.48,96.71,298.29,4.50,102.02,116.21
1766543731700,17.21,1.38,96.42,298.22,4.49,102.02,115.57
1766547331700,17.24,4.89,96.18,298.16,4.51,101.92,115.85
1766550931700,16.61,5.33,96.30,298.44,4.47,102.22,116.47
1766554531700,18.21,1.12,97.21,298.15,4.37,102.78,115.91
1766558131700,17.24,0.73,98.12,297.99,4.38,102.90,116.58
1766561731700,17.76,6.06,97.83,298.24,4.41,102.79,116.56
1766565331700,16.72,5.75,96.69,298.30,4.40,102.14,115.88
1766568931700,18.23,5.44,97.52,298.10,4.49,102.69,115.36
1766572531700,16.82,4.68,96.49,298.49,4.45,102.00,116.18
1766576131700,17.07,3.52,97.86,297.80,4.33,102.54,116.26
1766579731700,17.43,2.58,97.09,297.91,4.51,102.71,116.25
1766583331700,17.58,0.84,97.71,298.40,4.44,101.96,116.59
1766586931700,16.51,4.19,98.16,298.11,4.35,102.81,115.32
1766590531700,18.08,3.17,97.45,297.94,4.38,102.44,116.18
1766594131700,16.40,6.02,96.19,298.07,4.50,102.89,116.59
1766597731700,17.09,1.72,97.51,298.61,4.37,102.19,116.56
1766601331700,16.54,4.41,97.83,298.29,4.44,102.56,115.92
1766604931700,18.22,6.68,98.11,297.90,4.51,102.51,115.57
1766608531700,18.15,3.60,97.13,298.26,4.51,102.74,116.14
1766612131700,16.78,7.16,96.81,298.43,4.45,102.43,116.62
1766615731700,17.49,6.01,96.56,298.40,4.53,101.92,116.60
1766619331700,17.12,2.41,97.03,297.99,4.49,102.99,116.22
1766622931700,17.31,7.65,96.65,298.13,4.52,101.96,115.64
1766626531700,17.95,1.71,96.88,298.07,4.48,102.07,115.51
1766630131700,16.70,2.09,97.55,298.25,4.48,102.04,116.40
1766633731700,18.08,7.56,97.53,298.10,4.35,102.47,116.80
1766637331700,17.17,2.53,97.75,298.16,4.54,102.50,116.83
1766640931700,17.61,4.58,97.06,298.04,4.49,102.75,115.77
1766644531700,16.99,5.02,96.58,298.20,4.40,102.41,116.78
1766648131700,17.40,1.83,97.11,298.26,4.39,102.79,115.87
1766651731700,16.90,6.37,98.43,298.52,4.39,102.85,115.93
1766655331700,18.39,5.21,98.34,298.54,4.50,102.60,115.85
1766658931700,17.82,4.56,97.51,298.50,4.42,102.52,115.69
1766662531700,17.52,3.18,96.87,298.22,4.47,102.01,115.72
1766666131700,17.42,3.78,97.04,298.46,4.37,102.18,116.37
1766669731700,17.93,3.26,98.23,298.44,4.35,102.24,116.14
1766673331700,16.64,4.87,97.98,297.90,4.40,102.26,116.20
1766676931700,16.84,1.69,98.07,297.82,4.51,102.82,116.30
1766680531700,16.58,4.15,96.58,298.48,4.50,102.56,116.70
1766684131700,16.63,3.59,98.31,297.97,4.47,102.97,115.89
1766687731700,17.39,5.31,98.17,298.28,4.45,102.82,116.87
1766691331700,17.57,4.54,97.41,298.27,4.40,102.32,116.59
1766694931700,17.35,7.90,98.54,297.94,4.54,102.12,115.63
1766698531700,17.71,6.51,96.95,298.08,4.45,103.04,116.52
1766702131700,17.45,5.24,98.31,298.56,4.50,102.79,116.09
1766705731700,16.79,5.94,97.25,298.49,4.51,102.90,116.25
1766709331700,17.16,6.85,98.41,298.61,4.50,102.18,117.04
1766712931700,16.70,8.91,97.70,298.02,4.40,103.06,116.41
1766716531700,18.29,5.04,97.68,298.13,4.38,102.88,116.17
1766720131700,17.85,5.57,98.45,298.52,4.50,102.75,116.50
1766723731700,18.38,7.13,97.49,298.42,4.46,103.10,116.77
1766727331700,17.51,6.49,98.63,298.29,4.35,102.29,116.46
1766730931700,17.33,3.90,97.30,298.63,4.46,102.45,116.86
1766734531700,16.94,5.94,97.27,298.17,4.36,102.18,116.11
1766738131700,17.45,4.46,96.82,298.25,4.55,102.28,115.86
1766741731700,16.83,4.27,97.03,298.66,4.47,102.55,116.73
1766745331700,17.46,3.80,97.66,298.57,4.38,102.48,115.83
1766748931700,17.37,7.83,97.58,298.29,4.54,102.33,116.72
1766752531700,17.91,8.06,97.11,298.39,4.40,102.74,116.49
1766756131700,18.44,8.25,98.35,297.99,4.48,102.47,116.44
1766759731700,17.04,7.87,96.99,298.33,4.41,102.57,116.03
1766763331700,17.13,7.56,97.05,298.56,4.54,103.03,116.80
1766766931700,17.20,8.26,98.21,298.39,4.41,103.00,116.17
1766770531700,17.18,3.91,98.22,298.18,4.46,102.71,115.98
1766774131700,18.20,9.31,97.10,298.57,4.46,102.29,117.00
1766777731700,18.54,6.25,98.00,298.63,4.45,103.00,116.45
1766781331700,18.29,8.20,97.46,298.42,4.47,102.27,116.27
1766784931700,17.83,3.63,97.48,297.94,4.46,102.97,116.56
1766788531700,17.64,8.08,97.71,298.11,4.37,102.95,115.84
1766792131700,18.03,8.98,97.78,298.51,4.46,102.87,116.91
1766795731700,17.34,9.13,97.69,298.67,4.45,102.31,115.74
1766799331700,18.01,7.76,97.39,298.40,4.51,102.93,116.68
1766802931700,17.40,7.08,97.90,298.40,4.50,102.88,116.54
1766806531700,17.78,4.42,97.44,298.04,4.49,102.24,116.07
1766810131700,17.02,5.78,97.93,298.60,4.44,102.96,116.29
1766813731700,18.16,7.92,97.30,298.69,4.52,102.95,116.14
1766817331700,17.03,8.35,98.21,298.19,4.46,102.43,116.79
1766820931700,16.71,7.52,98.28,298.16,4.51,102.53,116.88
1766824531700,17.25,4.98,98.22,298.20,4.43,102.29,116.83
1766828131700,18.63,4.52,98.89,298.59,4.52,103.15,115.85
1766831731700,18.08,4.92,98.29,298.16,4.53,102.21,116.90
1766835331700,17.81,4.35,97.00,297.99,4.48,103.06,116.21
1766838931700,17.15,5.75,97.58,298.50,4.56,102.89,117.00
1766842531700,16.84,6.78,97.83,298.03,4.38,102.48,116.93
1766846131700,17.48,6.12,97.50,298.18,4.37,102.15,116.46
1766849731700,18.66,3.69,98.95,298.42,4.42,102.39,117.09
1766853331700,17.92,6.21,97.81,298.52,4.50,102.73,115.82
1766856931700,18.54,8.55,98.15,298.76,4.50,102.10,115.90
1766860531700,18.14,5.27,99.12,298.56,4.57,102.47,116.77
1766864131700,17.42,4.95,98.24,298.39,4.45,102.35,116.13
1766867731700,18.78,3.13,98.25,298.44,4.42,102.81,116.83
1766871331700,18.52,3.39,97.75,298.75,4.55,102.87,117.14
1766874931700,18.75,4.34,98.73,298.22,4.46,103.16,116.05
1766878531700,18.61,3.41,98.43,298.66,4.54,102.83,117.06
1766882131700,17.47,8.84,98.40,298.05,4.55,102.97,116.42
1766885731700,17.27,8.10,98.11,298.50,4.42,102.49,116.96
1766889331700,17.29,4.68,97.53,298.41,4.56,102.27,117.07
1766892931700,18.76,4.34,97.92,298.30,4.57,102.66,116.30
1766896531700,18.65,3.10,97.92,298.56,4.38,102.77,116.93
1766900131700,17.24,5.98,97.52,298.66,4.42,102.09,115.98
1766903731700,18.58,7.45,97.43,298.29,4.47,102.30,117.01
1766907331700,17.08,5.91,98.51,298.49,4.57,102.48,116.60
1766910931700,16.83,8.39,98.25,298.20,4.52,102.27,116.17
1766914531700,18.20,7.05,98.71,298.63,4.49,102.59,116.62
1766918131700,17.22,7.17,97.51,298.01,4.44,102.16,117.08
1766921731700,18.76,8.55,99.12,298.52,4.41,103.12,115.83
1766925331700,17.19,4.48,98.32,298.77,4.44,102.02,116.69
1766928931700,18.68,6.47,97.47,298.53,4.48,102.01,116.53
1766932531700,18.00,7.01,98.22,298.64,4.55,102.14,116.09
1766936131700,17.45,3.41,97.32,298.31,4.56,102.19,117.15
1766939731700,18.38,7.06,97.24,298.22,4.56,102.09,116.11
1766943331700,18.89,7.02,97.73,298.68,4.42,102.76,116.13
1766946931700,18.71,3.16,98.34,298.28,4.42,103.09,116.27
1766950531700,17.00,2.62,98.87,298.21,4.40,102.26,116.50
1766954131700,17.02,6.22,98.43,298.17,4.58,103.16,116.59
1766957731700,18.37,2.07,98.22,298.56,4.52,102.62,117.13
1766961331700,18.09,1.69,97.69,298.51,4.56,102.04,116.75
1766964931700,17.79,4.40,97.89,298.47,4.50,102.22,116.87
1766968531700,17.43,5.05,97.93,298.06,4.42,102.78,117.08
1766972131700,17.81,4.71,99.20,298.31,4.43,103.06,116.59
1766975731700,17.75,7.49,99.19,298.83,4.45,102.95,116.31
1766979331700,17.96,2.25,98.60,298.77,4.39,102.80,116.20
1766982931700,17.59,4.34,98.63,298.51,4.46,102.91,116.36
1766986531700,18.22,4.02,98.21,298.82,4.46,102.62,116.07
1766990131700,17.95,7.61,98.88,298.32,4.47,102.88,117.30
1766993731700,18.81,4.71,97.41,298.34,4.54,101.99,116.13
1766997331700,17.47,4.42,98.49,298.13,4.42,102.96,116.96
1767000931700,18.59,7.47,99.09,298.39,4.43,102.99,117.25
1767004531700,18.34,6.88,98.54,298.30,4.42,102.14,116.93
1767008131700,17.00,7.10,98.62,298.16,4.41,102.92,117.13
1767011731700,18.55,2.88,97.58,298.73,4.47,103.08,117.24
1767015331700,18.75,3.82,98.75,298.40,4.51,102.54,116.02
1767018931700,18.09,5.75,98.60,298.31,4.53,103.03,117.16
1767022531700,17.85,3.52,98.59,298.53,4.53,102.56,116.30
1767026131700,18.64,3.55,97.51,298.21,4.46,102.12,115.94
1767029731700,18.37,4.49,98.11,298.81,4.40,102.03,116.25
1767033331700,17.29,3.25,99.30,298.69,4.46,102.35,116.81
1767036931700,18.39,1.20,99.14,298.37,4.48,103.00,117.45
1767040531700,17.20,0.99,97.92,298.88,4.41,102.61,117.08
1767044131700,18.56,1.99,97.98,298.18,4.54,102.80,116.28
1767047731700,18.23,5.05,99.50,298.45,4.48,102.97,116.91
1767051331700,17.55,1.49,97.94,298.31,4.58,102.89,117.14
1767054931700,17.81,2.36,98.81,298.75,4.58,102.99,116.63
1767058531700,18.28,2.03,97.61,298.61,4.49,102.81,117.20
1767062131700,18.89,3.30,97.96,298.39,4.58,102.49,116.36
1767065731700,17.43,0.96,97.94,298.58,4.43,102.75,116.51
1767069331700,18.18,6.44,98.82,298.50,4.48,102.68,115.97
1767072931700,18.80,2.31,98.92,298.65,4.59,101.95,116.79
1767076531700,18.66,4.62,98.70,298.24,4.57,102.54,116.03
1767080131700,18.81,3.69,97.97,298.49,4.47,102.46,117.33
1767083731700,17.08,3.60,97.87,298.62,4.47,102.43,116.95
1767087331700,17.61,4.99,97.72,298.20,4.43,102.97,117.22
1767090931700,18.48,4.86,98.13,298.72,4.55,102.78,116.34
1767094531700,17.86,1.65,99.38,298.57,4.45,102.07,116.29
1767098131700,17.18,3.06,98.19,298.90,4.47,102.53,117.21
1767101731700,17.42,1.92,98.00,298.41,4.45,102.66,116.82
1767105331700,18.75,5.97,98.89,298.31,4.45,102.21,117.21
1767108931700,17.25,4.43,98.94,298.28,4.43,102.26,116.20
1767112531700,17.22,5.68,99.52,298.88,4.47,102.70,117.43
1767116131700,17.58,0.81,99.38,298.19,4.58,102.06,116.21
1767119731700,19.06,3.25,98.06,298.88,4.59,102.51,117.45
1767123331700,17.85,1.91,98.67,298.44,4.50,102.71,116.94
1767126931700,17.71,6.63,99.44,298.76,4.41,102.14,116.88
1767130531700,18.70,2.98,97.83,298.23,4.55,102.18,117.20
1767134131700,17.63,3.21,99.46,298.40,4.46,101.98,116.19
1767137731700,18.43,1.43,98.40,298.68,4.42,102.41,116.38
1767141331700,18.52,1.09,98.13,298.91,4.50,102.39,116.42
1767144931700,18.94,4.76,98.40,298.27,4.49,102.25,116.83
1767148531700,17.90,1.67,98.21,298.23,4.53,102.21,117.34
1767152131700,18.89,1.59,98.63,298.20,4.46,102.00,116.48
1767155731700,18.93,2.19,98.25,298.23,4.56,103.03,117.07
1767159331700,18.77,6.55,99.44,298.71,4.46,102.10,116.71
1767162931700,17.63,4.37,98.83,298.91,4.56,102.16,116.01
1767166531700,18.51,6.64,99.04,298.34,4.45,102.20,117.48
1767170131700,18.00,5.16,99.32,298.91,4.60,102.14,116.94
1767173731700,18.18,5.11,99.65,298.26,4.57,102.43,117.29
1767177331700,18.63,2.09,99.49,298.82,4.42,102.89,116.92
1767180931700,18.92,6.57,99.08,298.55,4.48,102.88,117.33
1767184531700,17.18,6.37,98.19,298.26,4.49,102.64,117.44
1767188131700,18.48,1.82,97.92,298.87,4.54,102.70,117.42
1767191731700,18.88,1.76,98.04,298.84,4.59,102.47,116.63
1767195331700,19.04,3.67,98.47,298.27,4.57,102.70,117.40
1767198931700,18.37,3.53,99.19,298.25,4.44,102.18,116.32
1767202531700,18.57,6.26,99.27,298.51,4.59,101.90,117.15
1767206131700,18.98,7.29,99.30,298.74,4.50,102.07,116.66
1767209731700,17.49,6.59,99.56,298.43,4.58,102.32,116.90
1767213331700,17.77,3.67,98.43,298.89,4.46,101.98,117.22
1767216931700,17.43,2.46,98.17,298.25,4.59,102.90,116.64
1767220531700,19.02,4.98,99.53,298.49,4.47,102.30,117.11
1767224131700,18.15,4.65,97.90,298.95,4.51,101.95,117.14
1767227731700,19.16,3.17,98.43,298.54,4.52,102.24,116.46
1767231331700,18.36,5.69,97.92,298.75,4.46,101.95,116.17
1767234931700,17.46,5.86,97.94,298.29,4.52,102.63,116.05
1767238531700,17.34,7.27,97.93,298.68,4.52,102.24,116.99
1767242131700,18.50,7.02,98.81,298.27,4.51,102.30,116.76
1767245731700,18.53,4.18,98.70,298.26,4.53,102.63,116.43
1767249331700,18.59,2.58,97.86,298.44,4.56,101.97,117.06
1767252931700,17.58,2.09,99.35,298.73,4.58,102.82,117.22
1767256531700,19.17,5.57,98.03,298.63,4.60,102.40,117.37
1767260131700,17.80,2.66,97.96,298.52,4.57,102.00,116.96
1767263731700,19.14,6.76,98.68,298.30,4.43,102.16,116.00
1767267331700,18.27,4.93,97.96,298.55,4.47,101.89,117.26
1767270931700,17.28,1.69,99.14,298.83,4.46,102.18,117.35
1767274531700,17.97,6.57,99.48,298.86,4.50,102.60,117.29
1767278131700,17.29,3.71,99.12,298.59,4.52,102.44,117.15
1767281731700,17.74,2.39,98.46,298.67,4.42,101.90,116.55
1767285331700,19.19,1.88,99.07,298.93,4.56,102.77,116.06
1767288931700,18.52,7.38,99.40,298.99,4.50,102.51,116.55
1767292531700,18.28,3.20,98.53,298.72,4.44,101.83,117.18
1767296131700,18.30,7.12,99.47,298.98,4.53,101.67,117.43
1767299731700,17.63,8.28,98.83,299.04,4.51,102.03,116.26
1767303331700,19.30,4.32,98.55,298.31,4.57,102.39,116.55
1767306931700,17.39,5.92,98.15,298.81,4.47,101.97,116.83
1767310531700,17.51,7.99,98.85,298.96,4.51,102.14,116.52
1767314131700,18.44,3.86,98.22,298.30,4.56,102.69,117.21
1767317731700,18.22,4.69,98.22,298.81,4.51,102.61,116.40
1767321331700,18.48,4.57,99.45,298.34,4.50,102.12,115.99
1767324931700,17.60,3.79,99.65,298.82,4.60,102.28,117.35
1767328531700,18.29,5.51,99.78,298.34,4.54,101.73,116.77
1767332131700,18.20,3.14,99.04,298.81,4.44,102.60,116.08
1767335731700,18.15,5.33,99.55,299.08,4.53,102.49,116.10
1767339331700,18.70,7.22,99.03,298.71,4.56,102.49,117.05
1767342931700,18.27,5.61,99.34,298.35,4.61,101.93,117.47
1767346531700,19.05,3.42,99.30,298.89,4.48,102.31,116.54
1767350131700,18.73,3.40,99.63,298.42,4.49,102.53,117.13
1767353731700,18.69,5.65,98.78,299.04,4.55,101.93,116.72
1767357331700,18.51,6.74,98.61,298.89,4.53,102.71,116.39
1767360931700,19.11,6.86,98.92,298.64,4.50,102.61,116.68
1767364531700,17.61,5.40,98.21,298.72,4.49,102.39,117.38
1767368131700,18.59,7.00,99.17,298.79,4.56,101.81,117.43
1767371731700,18.88,6.65,99.22,298.55,4.59,102.07,117.02
1767375331700,18.29,3.67,98.19,298.87,4.52,102.24,116.01
1767378931700,18.68,5.36,98.55,298.45,4.51,101.55,116.54
1767382531700,17.92,7.88,98.78,299.06,4.56,101.62,116.59
1767386131700,18.57,5.48,99.88,298.40,4.51,102.09,115.98
1767389731700,17.61,3.68,99.64,299.02,4.51,101.70,117.37
1767393331700,18.05,6.48,99.51,298.92,4.50,102.44,116.15
1767396931700,18.42,8.24,99.76,298.37,4.58,101.79,117.35
1767400531700,17.87,3.73,98.26,298.43,4.51,101.50,115.95
1767404131700,19.29,7.31,98.44,298.65,4.55,101.62,116.18
1767407731700,17.49,4.98,99.11,298.99,4.51,102.46,117.03
1767411331700,19.28,3.71,98.42,298.66,4.52,101.89,116.96
1767414931700,18.79,4.41,98.19,298.91,4.50,101.66,116.34
1767418531700,18.61,5.01,99.33,299.04,4.49,102.21,116.63
1767422131700,18.02,7.06,99.90,298.75,4.56,101.53,116.59
1767425731700,17.50,3.75,98.63,298.96,4.59,101.62,116.98
1767429331700,17.80,5.71,98.20,298.63,4.47,102.18,115.98
1767432931700,18.82,8.07,99.19,298.46,4.45,102.55,116.04
1767436531700,18.65,4.80,99.45,298.88,4.57,101.69,117.14
1767440131700,17.68,7.73,99.57,298.75,4.59,101.82,116.79
1767443731700,18.06,4.64,98.46,298.73,4.46,102.12,117.40
1767447331700,18.07,9.09,99.47,298.84,4.54,102.39,115.94
1767450931700,18.01,3.60,99.92,298.58,4.48,101.66,116.11
1767454531700,19.28,4.91,98.13,298.98,4.47,101.66,117.21
1767458131700,19.33,7.21,98.31,298.40,4.46,102.11,116.17
1767461731700,18.24,3.49,98.06,298.76,4.52,102.39,116.82
1767465331700,19.06,3.68,98.58,299.05,4.53,101.42,116.39
1767468931700,17.61,4.40,99.77,298.80,4.64,101.62,117.33
1767472531700,18.85,8.88,98.63,298.59,4.58,102.40,116.27
1767476131700,18.20,6.65,98.23,298.90,4.59,102.00,116.14
1767479731700,18.21,5.78,98.69,298.61,4.52,102.02,116.49
1767483331700,19.07,4.44,98.70,298.79,4.54,102.12,115.90
1767486931700,19.34,4.31,99.44,298.67,4.63,102.19,116.32
1767490531700,18.80,5.75,98.53,299.00,4.54,101.75,115.93
1767494131700,18.77,3.40,98.83,298.58,4.60,102.20,117.17
1767497731700,17.95,3.87,99.22,298.65,4.49,102.07,115.96
1767501331700,18.47,8.07,98.19,298.72,4.53,102.21,116.71
1767504931700,17.95,7.93,99.28,298.85,4.62,102.07,116.40
1767508531700,19.33,7.99,98.40,298.97,4.49,101.23,117.35
1767512131700,19.35,8.60,99.06,298.95,4.51,101.42,116.36
1767515731700,17.78,6.66,99.76,298.46,4.61,101.53,116.07
1767519331700,19.17,5.61,99.07,298.61,4.47,101.33,116.35
1767522931700,19.20,6.19,98.68,298.74,4.51,102.30,116.48
1767526531700,19.03,6.29,99.87,298.51,4.63,101.36,116.46
1767530131700,18.65,4.07,98.81,298.55,4.45,101.38,116.18
1767533731700,19.53,7.53,99.04,298.67,4.47,102.17,116.74
1767537331700,18.07,5.98,99.34,299.07,4.57,101.63,116.32
1767540931700,17.86,4.45,98.22,298.79,4.54,102.13,116.59
1767544531700,18.38,3.55,99.71,299.04,4.45,101.72,116.62
1767548131700,19.67,6.99,99.52,298.87,4.58,101.48,116.95
1767551731700,18.12,3.83,99.44,298.81,4.60,101.78,116.39
1767555331700,18.40,6.87,98.38,298.87,4.46,101.96,115.80
1767558931700,18.20,3.31,99.60,298.59,4.50,101.59,116.79
1767562531700,19.13,3.90,99.81,298.87,4.55,101.64,116.97
1767566131700,19.22,7.58,99.58,299.16,4.55,101.40,116.46
1767569731700,18.39,6.63,98.29,298.96,4.54,101.28,116.06
1767573331700,19.03,3.11,98.18,298.75,4.53,101.87,115.80
1767576931700,18.09,1.90,99.66,298.90,4.55,102.20,117.15
1767580531700,19.42,5.11,99.12,298.65,4.65,101.40,116.21
1767584131700,18.21,3.83,99.12,298.94,4.60,102.19,115.84
1767587731700,18.72,5.14,98.64,298.93,4.54,101.24,116.24
1767591331700,18.29,4.14,99.56,299.16,4.62,101.13,116.01
1767594931700,18.08,3.60,98.02,298.73,4.58,101.10,116.51
1767598531700,19.50,6.91,98.62,299.04,4.55,102.07,116.84
1767602131700,18.97,6.80,99.83,298.63,4.55,102.06,116.30
1767605731700,18.84,3.91,98.84,298.90,4.53,101.50,115.91
1767609331700,19.51,6.55,99.12,298.97,4.62,101.41,116.19
1767612931700,18.03,4.35,99.74,298.46,4.63,101.50,116.38
1767616531700,18.52,4.18,98.59,298.95,4.57,101.60,116.59
1767620131700,17.75,5.00,99.97,298.71,4.49,102.07,115.86
1767623731700,18.31,2.57,99.20,298.60,4.50,102.10,116.49
1767627331700,19.05,2.44,98.73,298.69,4.64,101.58,115.89
1767630931700,19.16,6.89,99.72,298.67,4.59,101.48,116.93
1767634531700,19.47,5.53,98.72,298.85,4.53,101.93,116.24
1767638131700,18.74,5.06,98.56,298.57,4.62,101.20,116.22
1767641731700,19.80,5.69,99.53,298.98,4.51,100.82,116.46
1767645331700,18.23,6.34,99.85,298.85,4.47,101.20,116.53
1767648931700,17.82,2.24,99.30,298.54,4.57,101.32,116.88
1767652531700,18.01,1.71,99.80,298.54,4.50,101.72,116.78
1767656131700,17.96,3.40,99.78,298.98,4.49,101.77,116.27
1767659731700,19.74,3.13,99.61,298.99,4.53,101.32,117.00
1767663331700,19.15,5.58,99.50,298.60,4.53,101.71,115.81
1767666931700,18.60,1.94,99.06,298.52,4.60,101.47,116.74
1767670531700,18.31,5.35,99.27,298.66,4.61,101.00,116.55
1767674131700,19.34,5.84,98.34,298.54,4.65,101.20,117.07
1767677731700,19.28,6.54,99.75,298.53,4.49,101.20,116.40
1767681331700,18.01,2.38,99.82,298.88,4.55,101.03,117.09
1767684931700,19.05,2.51,98.71,299.00,4.54,101.89,115.99
1767688531700,18.50,5.07,98.44,298.76,4.49,101.64,116.32
1767692131700,18.75,1.09,99.89,298.90,4.58,101.20,116.83
1767695731700,18.18,4.02,99.66,298.90,4.63,101.91,116.46
1767699331700,18.49,3.58,99.96,299.16,4.63,101.30,116.22
1767702931700,17.92,4.63,98.40,299.09,4.65,101.00,116.43
1767706531700,18.87,4.35,98.24,298.97,4.64,101.73,115.74
1767710131700,19.09,4.13,99.12,298.98,4.46,100.89,116.09
1767713731700,18.83,4.44,99.82,298.84,4.57,100.77,116.45
1767717331700,18.87,4.18,98.84,299.28,4.54,101.23,116.40
1767720931700,19.80,3.45,98.36,299.09,4.57,101.70,116.90
1767724531700,18.26,3.87,98.06,299.25,4.60,100.88,116.29
1767728131700,19.29,2.24,98.29,298.90,4.65,101.58,116.26
1767731731700,19.03,3.69,99.68,298.89,4.65,101.17,116.85
1767735331700,19.83,0.94,99.47,298.81,4.52,101.08,116.77
1767738931700,19.91,4.64,98.83,298.57,4.56,101.25,116.84
1767742531700,18.16,5.70,99.47,298.53,4.62,100.90,116.76
1767746131700,18.24,1.59,98.85,299.11,4.66,100.92,116.70
1767749731700,19.73,5.26,99.90,299.17,4.51,101.47,116.13
1767753331700,19.18,6.43,98.70,299.32,4.59,100.71,115.51
1767756931700,17.97,5.95,98.90,298.74,4.62,101.55,115.58
1767760531700,19.85,2.08,98.17,299.13,4.50,101.00,116.22
1767764131700,18.76,4.24,99.05,299.32,4.60,101.37,116.02
1767767731700,18.29,1.87,98.94,299.04,4.53,101.03,116.73
1767771331700,19.79,0.89,99.00,299.05,4.55,100.92,116.60
1767774931700,19.88,3.84,99.40,299.27,4.50,100.85,116.29
1767778531700,19.85,3.06,98.31,299.27,4.66,100.72,115.82
1767782131700,19.69,5.97,99.78,298.66,4.55,100.92,115.89
1767785731700,18.05,4.54,99.70,299.19,4.54,100.64,115.99
1767789331700,18.03,5.21,98.70,299.06,4.63,100.58,115.48
1767792931700,19.31,6.06,98.43,299.13,4.53,101.36,116.91
1767796531700,19.87,5.94,99.19,299.22,4.47,101.23,115.95
1767800131700,19.59,3.63,99.36,299.32,4.65,101.39,115.68
1767803731700,18.46,4.37,98.10,298.98,4.54,101.01,116.82
1767807331700,19.56,6.88,98.81,299.14,4.64,100.88,116.27
1767810931700,20.01,4.40,98.72,298.77,4.59,101.17,116.11
1767814531700,19.20,7.01,98.75,299.12,4.66,100.32,115.97
1767818131700,18.88,3.05,99.57,299.32,4.60,101.25,116.14
1767821731700,19.92,4.90,98.25,298.76,4.53,101.18,116.45
1767825331700,18.25,3.16,99.60,298.74,4.62,100.80,115.42
1767828931700,19.69,2.09,99.72,298.76,4.66,100.50,115.83
1767832531700,18.55,3.44,98.99,298.62,4.52,100.89,116.64
1767836131700,18.45,5.81,99.63,298.67,4.52,100.22,116.08
1767839731700,18.37,4.68,98.14,299.21,4.66,101.29,115.68
1767843331700,18.04,4.20,99.65,298.83,4.62,100.36,116.05
1767846931700,19.38,4.58,99.11,299.13,4.58,100.92,115.89
1767850531700,19.27,1.93,98.28,299.37,4.48,100.38,116.49
1767854131700,19.44,6.37,99.29,299.29,4.60,100.31,115.61
1767857731700,18.82,5.33,98.72,299.18,4.59,101.08,116.16
1767861331700,19.96,3.08,97.93,299.02,4.49,100.74,115.64
1767864931700,19.82,7.61,99.11,299.30,4.51,100.36,116.27
1767868531700,19.84,5.63,99.51,299.14,4.52,100.94,115.32
1767872131700,19.84,5.71,97.93,298.78,4.58,100.91,115.68
1767875731700,18.40,5.53,99.17,298.60,4.53,101.28,115.94
1767879331700,19.79,5.11,99.40,299.31,4.57,101.07,116.05
1767882931700,19.57,5.55,99.33,299.19,4.59,100.43,116.18
1767886531700,18.50,7.27,98.95,298.79,4.52,100.84,116.19
1767890131700,19.89,6.85,97.87,298.65,4.54,101.23,116.40
1767893731700,18.36,8.03,98.28,298.72,4.62,100.73,116.53
1767897331700,18.84,6.04,99.40,298.89,4.63,100.90,115.98
1767900931700,19.17,7.61,98.72,298.75,4.51,100.16,115.89
1767904531700,19.08,6.19,98.73,299.16,4.65,100.48,116.36
1767908131700,18.67,5.25,99.08,299.05,4.57,100.99,116.39
1767911731700,19.51,3.80,99.06,298.85,4.52,100.94,116.23
1767915331700,18.58,5.94,97.93,299.28,4.50,100.18,115.53
1767918931700,19.92,7.07,98.63,299.31,4.62,100.52,115.81
1767922531700,18.15,5.53,98.13,299.09,4.60,101.10,115.36
1767926131700,19.98,6.42,99.53,298.78,4.59,100.63,115.85
1767929731700,18.66,7.40,99.23,299.09,4.53,101.05,115.59
1767933331700,19.21,6.31,98.39,298.91,4.50,100.73,116.34
1767936931700,20.09,4.82,98.47,299.35,4.61,100.62,116.28
1767940531700,18.86,4.46,98.46,299.18,4.54,100.62,115.42
1767944131700,19.91,7.68,99.54,299.27,4.63,100.47,115.67
1767947731700,18.30,7.46,99.67,298.68,4.66,100.78,116.51
1767951331700,18.18,4.27,99.26,298.75,4.66,100.22,116.29
1767954931700,18.43,3.26,98.25,298.80,4.58,101.08,116.51
1767958531700,18.57,4.86,99.12,299.05,4.63,100.63,116.50
1767962131700,18.97,4.17,99.10,299.27,4.58,100.39,116.22
1767965731700,19.28,8.22,99.07,299.39,4.61,100.36,115.90
1767969331700,19.34,6.78,98.06,298.99,4.60,101.06,116.12
1767972931700,19.97,8.47,97.94,298.92,4.59,100.31,116.30
1767976531700,18.36,3.96,98.40,299.39,4.51,100.08,115.27
1767980131700,18.67,5.44,98.44,298.72,4.58,100.64,116.33
1767983731700,18.91,4.08,99.32,298.96,4.60,99.71,116.09
1767987331700,18.75,7.91,98.79,298.87,4.54,99.68,115.39
1767990931700,18.34,3.59,99.32,299.24,4.64,100.15,116.31
1767994531700,18.84,6.46,98.66,298.88,4.70,100.22,115.60
1767998131700,18.64,6.98,97.66,298.90,4.69,100.30,115.13
1768001731700,19.97,3.82,98.66,299.26,4.66,100.73,115.57
1768005331700,19.62,4.06,99.36,298.93,4.58,100.76,116.33
1768008931700,19.97,9.46,99.10,299.27,4.60,100.65,116.21
1768012531700,18.75,3.74,98.25,298.72,4.65,100.14,115.78
1768016131700,18.57,7.74,99.50,299.21,4.67,100.32,114.96
1768019731700,18.66,4.87,98.01,299.16,4.54,100.56,115.83
1768023331700,18.73,6.56,98.09,298.93,4.53,100.25,116.08
1768026931700,19.34,7.43,98.96,298.73,4.58,99.65,116.03
1768030531700,19.51,8.67,98.94,299.41,4.62,99.94,115.91
1768034131700,19.19,7.54,99.05,299.42,4.51,99.98,114.99
1768037731700,18.97,3.57,98.29,299.45,4.68,100.49,115.08
1768041331700,19.57,7.25,98.49,298.69,4.54,100.59,115.16
1768044931700,18.47,4.66,98.79,298.73,4.69,100.17,115.02
1768048531700,20.06,5.19,98.91,298.88,4.63,100.31,116.16
1768052131700,18.89,9.19,99.44,298.72,4.59,100.65,115.72
1768055731700,18.81,6.17,98.61,299.21,4.62,100.40,115.11
1768059331700,18.53,5.06,98.73,299.20,4.57,100.38,115.96
1768062931700,18.25,7.03,99.12,299.40,4.51,100.17,114.91
1768066531700,18.84,4.10,98.69,299.48,4.51,99.69,115.65
1768070131700,18.95,3.15,98.61,299.25,4.55,100.35,115.54
1768073731700,19.20,6.79,99.16,299.46,4.59,99.53,114.75
1768077331700,19.78,6.15,98.24,298.79,4.52,100.23,115.67
1768080931700,18.40,3.11,98.21,299.37,4.59,99.77,115.53
1768084531700,19.86,6.17,97.86,299.50,4.64,99.93,115.03
1768088131700,19.12,4.47,99.17,299.03,4.65,100.06,115.02
1768091731700,20.21,6.86,98.82,299.20,4.52,100.15,116.09
1768095331700,19.93,7.43,98.88,298.91,4.67,99.71,115.53
1768098931700,20.27,3.85,98.12,299.32,4.68,99.93,114.90
1768102531700,19.63,6.74,97.47,298.76,4.58,100.51,114.80
1768106131700,19.08,6.22,97.98,299.05,4.57,99.82,115.81
1768109731700,19.74,7.06,98.36,299.35,4.64,99.64,115.43
1768113331700,20.06,6.08,98.81,299.43,4.52,100.33,114.81
1768116931700,18.87,4.88,98.03,299.43,4.51,99.40,114.96
1768120531700,18.79,7.41,97.67,299.24,4.62,100.47,116.03
1768124131700,18.93,8.25,98.97,299.27,4.65,99.64,115.80
1768127731700,19.67,8.15,98.39,298.98,4.56,99.45,115.97
1768131331700,19.27,6.40,98.86,299.04,4.52,100.31,115.35
1768134931700,19.51,3.75,98.39,299.39,4.63,100.01,114.84
1768138531700,20.20,7.34,97.92,298.89,4.59,99.50,115.88
1768142131700,19.58,6.54,98.13,299.48,4.56,100.10,115.32
1768145731700,18.67,3.05,97.62,299.26,4.57,100.49,115.65
1768149331700,19.59,6.37,98.87,299.10,4.56,99.99,115.64