ts,visits,sessions,add_to_cart_rate,conversion_rate,bounce_rate,order_count,sales_amount,avg_order_value,items_sold,top_item,sale_date,ad_spend,paid_clicks,cpc,roas
1765560931700,751,712,5.76,1.68,38.37,13,1249.58,96.12,22,Juniper Hydrating Mask,2025-12-12,525.05,269,1.95,2.38
1765564531700,742,663,4.07,2.58,39.16,19,1655.53,87.13,25,Juniper Hydrating Mask,2025-12-12,495.60,249,1.99,3.34
1765568131700,735,679,3.78,1.43,39.63,11,1010.19,91.84,16,Juniper Hydrating Mask,2025-12-12,493.51,178,2.77,2.05
1765571731700,775,648,5.71,1.56,34.51,12,1184.22,98.68,20,Juniper Hydrating Mask,2025-12-12,492.66,170,2.90,2.40
1765575331700,828,694,4.32,1.64,44.35,14,1264.00,90.29,22,Juniper Hydrating Mask,2025-12-12,532.43,203,2.62,2.37
1765578931700,939,847,4.10,3.10,34.34,29,2412.05,83.17,40,Juniper Hydrating Mask,2025-12-12,542.18,272,1.99,4.45
1765582531700,1028,975,5.84,3.44,47.04,35,3169.10,90.55,63,Juniper Hydrating Mask,2025-12-12,467.22,163,2.87,6.78
1765586131700,1127,957,6.89,2.20,35.32,25,2221.29,88.85,35,Juniper Hydrating Mask,2025-12-13,528.41,228,2.32,4.20
1765589731700,1221,1132,5.87,2.83,46.52,35,3022.07,86.34,52,Juniper Hydrating Mask,2025-12-13,523.03,270,1.94,5.78
1765593331700,1282,1113,8.39,2.76,41.44,35,2990.79,85.45,55,Juniper Hydrating Mask,2025-12-13,531.13,225,2.36,5.63
1765596931700,1374,1175,6.68,2.25,36.93,31,2710.32,87.43,41,Juniper Hydrating Mask,2025-12-13,478.31,226,2.12,5.67
1765600531700,1433,1355,9.65,3.50,38.74,50,4787.87,95.76,70,Juniper Hydrating Mask,2025-12-13,538.71,203,2.65,8.89
1765604131700,1481,1209,9.61,2.48,46.36,37,3439.20,92.95,47,Juniper Hydrating Mask,2025-12-13,488.67,235,2.08,7.04
1765607731700,1477,1351,7.32,2.72,52.89,40,3844.64,96.12,56,Juniper Hydrating Mask,2025-12-13,597.40,240,2.49,6.44
1765611331700,1472,1230,8.00,3.29,49.45,48,4347.25,90.57,82,Juniper Hydrating Mask,2025-12-13,516.60,258,2.00,8.42
1765614931700,1455,1274,9.54,3.90,39.32,57,4799.58,84.20,104,Juniper Hydrating Mask,2025-12-13,535.09,197,2.72,8.97
1765618531700,1384,1142,9.00,2.96,45.12,41,3656.96,89.19,63,Juniper Hydrating Mask,2025-12-13,528.95,182,2.91,6.91
1765622131700,1314,1180,6.97,2.37,46.42,31,2972.86,95.90,54,Juniper Hydrating Mask,2025-12-13,586.79,315,1.86,5.07
1765625731700,1202,990,7.12,2.45,43.41,29,2364.12,81.52,46,Juniper Hydrating Mask,2025-12-13,537.15,276,1.95,4.40
1765629331700,1130,1062,6.88,2.12,47.65,24,2374.31,98.93,41,Juniper Hydrating Mask,2025-12-13,534.35,239,2.24,4.44
1765632931700,996,889,4.49,2.23,42.75,22,1794.12,81.55,28,Juniper Hydrating Mask,2025-12-13,458.60,238,1.93,3.91
1765636531700,900,850,6.75,3.24,36.22,29,2784.47,96.02,44,Juniper Hydrating Mask,2025-12-13,504.06,274,1.84,5.52
1765640131700,843,789,4.46,2.76,46.98,23,2217.69,96.42,40,Juniper Hydrating Mask,2025-12-13,487.80,238,2.05,4.55
1765643731700,784,628,6.14,1.53,40.83,12,997.52,83.13,17,Juniper Hydrating Mask,2025-12-13,526.64,184,2.86,1.89
1765647331700,815,767,4.14,2.27,43.35,18,1771.37,98.41,23,Juniper Hydrating Mask,2025-12-13,543.04,301,1.80,3.26
1765650931700,777,639,3.67,2.89,47.08,22,2163.53,98.34,35,Juniper Hydrating Mask,2025-12-13,534.56,277,1.93,4.05
1765654531700,828,717,5.48,2.60,41.45,22,2106.09,95.73,32,Juniper Hydrating Mask,2025-12-13,550.08,287,1.92,3.83
1765658131700,848,714,4.83,2.01,40.51,17,1553.18,91.36,32,Juniper Hydrating Mask,2025-12-13,438.55,197,2.23,3.54
1765661731700,912,742,4.98,2.73,48.81,25,2203.09,88.12,38,Juniper Hydrating Mask,2025-12-13,503.55,169,2.98,4.38
1765665331700,1007,826,4.16,2.85,47.38,29,2368.11,81.66,37,Juniper Hydrating Mask,2025-12-13,448.50,153,2.93,5.28
1765668931700,1121,1026,5.93,3.39,43.93,38,3263.87,85.89,46,Juniper Hydrating Mask,2025-12-13,567.18,248,2.29,5.75
1765672531700,1204,1011,7.10,3.40,38.66,41,3925.47,95.74,68,Juniper Hydrating Mask,2025-12-14,500.27,217,2.31,7.85
1765676131700,1303,1200,6.90,2.65,36.53,35,3090.82,88.31,62,Juniper Hydrating Mask,2025-12-14,486.53,180,2.70,6.35
1765679731700,1402,1322,7.08,3.76,45.55,53,4352.77,82.13,87,Juniper Hydrating Mask,2025-12-14,591.66,311,1.90,7.36
1765683331700,1526,1433,9.06,3.89,42.59,59,5115.09,86.70,95,Juniper Hydrating Mask,2025-12-14,490.80,257,1.91,10.42
1765686931700,1584,1335,8.86,3.56,40.43,56,5526.52,98.69,91,Juniper Hydrating Mask,2025-12-14,553.30,239,2.32,9.99
1765690531700,1629,1330,7.76,2.93,48.76,48,4743.75,98.83,69,Juniper Hydrating Mask,2025-12-14,546.26,283,1.93,8.68
1765694131700,1641,1371,8.26,2.90,46.25,48,4178.56,87.05,63,Juniper Hydrating Mask,2025-12-14,499.45,203,2.46,8.37
1765697731700,1601,1379,7.50,3.54,46.45,57,4987.54,87.50,86,Juniper Hydrating Mask,2025-12-14,491.16,247,1.99,10.15
1765701331700,1566,1342,9.53,3.02,47.83,47,4062.36,86.43,58,Juniper Hydrating Mask,2025-12-14,595.22,221,2.69,6.82
1765704931700,1505,1346,8.05,2.58,39.60,39,3192.01,81.85,56,Juniper Hydrating Mask,2025-12-14,526.64,208,2.53,6.06
1765708531700,1426,1233,8.12,3.55,50.97,51,4279.83,83.92,65,Juniper Hydrating Mask,2025-12-14,584.16,198,2.95,7.33
1765712131700,1301,1228,8.08,2.48,49.93,32,2856.36,89.26,39,Juniper Hydrating Mask,2025-12-14,474.53,170,2.79,6.02
1765715731700,1203,1034,6.30,2.73,48.47,33,2941.38,89.13,56,Juniper Hydrating Mask,2025-12-14,552.66,203,2.72,5.32
1765719331700,1103,979,5.11,1.65,48.77,18,1742.36,96.80,26,Juniper Hydrating Mask,2025-12-14,491.94,211,2.33,3.54
1765722931700,986,891,4.50,2.60,36.29,26,2536.47,97.56,47,Juniper Hydrating Mask,2025-12-14,519.12,279,1.86,4.89
1765726531700,929,775,5.69,2.65,34.82,25,2063.83,82.55,37,Juniper Hydrating Mask,2025-12-14,512.24,219,2.34,4.03
1765730131700,847,757,3.27,1.61,49.04,14,1294.28,92.45,22,Juniper Hydrating Mask,2025-12-14,494.02,252,1.96,2.62
1765733731700,811,681,4.14,2.09,39.98,17,1503.66,88.45,27,Juniper Hydrating Mask,2025-12-14,441.64,217,2.04,3.40
1765737331700,804,673,5.72,1.55,42.56,12,973.92,81.16,23,Juniper Hydrating Mask,2025-12-14,452.44,172,2.63,2.15
1765740931700,819,664,5.21,1.47,35.68,12,1182.91,98.58,21,Juniper Hydrating Mask,2025-12-14,538.85,255,2.11,2.20
1765744531700,881,809,3.82,2.65,33.55,23,2262.56,98.37,38,Juniper Hydrating Mask,2025-12-14,486.45,233,2.09,4.65
1765748131700,927,828,6.11,2.37,48.63,22,1927.20,87.60,39,Juniper Hydrating Mask,2025-12-14,468.25,170,2.75,4.12
1765751731700,1044,987,6.93,3.26,36.66,34,3024.02,88.94,43,Juniper Hydrating Mask,2025-12-14,459.64,194,2.37,6.58
1765755331700,1137,1003,4.80,2.34,38.50,27,2545.56,94.28,37,Juniper Hydrating Mask,2025-12-14,530.77,272,1.95,4.80
1765758931700,1256,1170,6.81,2.17,44.69,27,2505.17,92.78,51,Juniper Hydrating Mask,2025-12-15,460.57,251,1.83,5.44
1765762531700,1363,1119,5.64,2.39,41.53,33,2673.95,81.03,45,Juniper Hydrating Mask,2025-12-15,488.79,178,2.75,5.47
1765766131700,1431,1295,7.60,2.81,45.33,40,3696.74,92.42,68,Juniper Hydrating Mask,2025-12-15,497.52,213,2.34,7.43
1765769731700,1546,1250,8.84,3.37,50.87,52,4604.07,88.54,63,Juniper Hydrating Mask,2025-12-15,591.62,257,2.30,7.78
1765773331700,1603,1333,8.41,3.86,49.72,62,5223.68,84.25,110,Juniper Hydrating Mask,2025-12-15,529.26,270,1.96,9.87
1765776931700,1641,1559,8.77,2.97,46.59,49,4766.43,97.27,85,Juniper Hydrating Mask,2025-12-15,576.58,277,2.08,8.27
1765780531700,1646,1515,8.82,2.45,51.82,40,3352.94,83.82,75,Juniper Hydrating Mask,2025-12-15,496.89,166,2.99,6.75
1765784131700,1664,1530,8.23,2.67,46.93,44,3836.27,87.19,56,Juniper Hydrating Mask,2025-12-15,540.41,196,2.76,7.10
1765787731700,1602,1368,7.17,3.11,45.99,50,4658.00,93.16,65,Juniper Hydrating Mask,2025-12-15,503.71,178,2.83,9.25
1765791331700,1548,1453,7.67,3.65,37.69,56,5344.97,95.45,104,Juniper Hydrating Mask,2025-12-15,494.51,244,2.03,10.81
1765794931700,1431,1265,6.73,2.97,41.11,43,4161.94,96.79,76,Juniper Hydrating Mask,2025-12-15,540.04,187,2.89,7.71
1765798531700,1346,1149,8.18,2.96,41.76,40,3329.38,83.23,51,Juniper Hydrating Mask,2025-12-15,560.44,240,2.34,5.94
1765802131700,1239,1045,6.60,2.59,44.16,32,2749.65,85.93,52,Juniper Hydrating Mask,2025-12-15,490.97,261,1.88,5.60
1765805731700,1142,920,6.47,2.38,48.20,27,2550.94,94.48,40,Juniper Hydrating Mask,2025-12-15,573.10,292,1.96,4.45
1765809331700,1035,900,4.72,2.10,46.34,22,1890.83,85.95,26,Juniper Hydrating Mask,2025-12-15,520.96,223,2.34,3.63
1765812931700,917,783,5.05,1.67,34.69,15,1378.15,91.88,22,Juniper Hydrating Mask,2025-12-15,458.89,231,1.99,3.00
1765816531700,866,789,5.27,3.00,35.83,26,2312.52,88.94,39,Juniper Hydrating Mask,2025-12-15,494.26,248,1.99,4.68
1765820131700,765,639,3.12,1.56,41.16,12,1181.61,98.47,20,Juniper Hydrating Mask,2025-12-15,441.65,197,2.24,2.68
1765823731700,759,676,3.90,2.54,33.84,19,1859.31,97.86,24,Juniper Hydrating Mask,2025-12-15,492.35,165,2.98,3.78
1765827331700,770,620,4.92,1.63,47.53,13,1274.89,98.07,23,Juniper Hydrating Mask,2025-12-15,453.20,185,2.45,2.81
1765830931700,835,762,6.21,1.73,37.20,14,1288.19,92.01,18,Juniper Hydrating Mask,2025-12-15,464.77,208,2.23,2.77
1765834531700,894,788,6.09,2.82,41.21,25,2250.18,90.01,39,Juniper Hydrating Mask,2025-12-15,448.65,163,2.75,5.02
1765838131700,960,814,5.67,2.40,39.02,23,2212.94,96.21,37,Juniper Hydrating Mask,2025-12-15,474.83,205,2.32,4.66
1765841731700,1056,917,6.42,3.16,44.59,33,3130.58,94.87,40,Juniper Hydrating Mask,2025-12-15,545.96,228,2.39,5.73
1765845331700,1164,978,7.03,2.67,50.60,31,2606.49,84.08,53,Juniper Hydrating Mask,2025-12-16,484.45,186,2.60,5.38
1765848931700,1257,1167,7.56,2.93,49.82,37,3028.95,81.86,64,Juniper Hydrating Mask,2025-12-16,489.27,171,2.86,6.19
1765852531700,1385,1282,6.54,3.84,42.03,53,4824.75,91.03,99,Juniper Hydrating Mask,2025-12-16,580.51,297,1.95,8.31
1765856131700,1459,1335,8.34,3.25,45.10,47,4422.54,94.10,85,Juniper Hydrating Mask,2025-12-16,552.33,303,1.82,8.01
1765859731700,1512,1394,9.10,2.46,41.39,37,3115.92,84.21,53,Juniper Hydrating Mask,2025-12-16,566.51,314,1.80,5.50
1765863331700,1541,1449,8.88,2.42,49.59,37,3029.39,81.88,68,Juniper Hydrating Mask,2025-12-16,594.44,220,2.70,5.10
1765866931700,1549,1246,7.63,3.50,44.19,54,4435.43,82.14,96,Juniper Hydrating Mask,2025-12-16,544.81,252,2.16,8.14
1765870531700,1560,1373,8.60,2.43,42.80,38,3168.02,83.37,59,Juniper Hydrating Mask,2025-12-16,539.68,290,1.86,5.87
1765874131700,1518,1230,7.22,3.01,51.94,46,4343.56,94.43,76,Juniper Hydrating Mask,2025-12-16,596.83,279,2.14,7.28
1765877731700,1434,1324,9.06,3.24,37.93,46,3928.23,85.40,76,Juniper Hydrating Mask,2025-12-16,558.39,208,2.68,7.03
1765881331700,1358,1265,6.98,3.49,46.11,47,4431.35,94.28,61,Juniper Hydrating Mask,2025-12-16,532.94,268,1.99,8.31
1765884931700,1275,1155,8.05,3.06,51.24,39,3759.52,96.40,71,Juniper Hydrating Mask,2025-12-16,569.71,284,2.01,6.60
1765888531700,1147,1069,7.20,1.96,48.52,22,1823.26,82.88,38,Juniper Hydrating Mask,2025-12-16,521.13,286,1.82,3.50
1765892131700,1079,914,5.80,2.49,47.03,27,2643.38,97.90,38,Juniper Hydrating Mask,2025-12-16,567.86,268,2.12,4.65
1765895731700,948,806,6.85,2.89,37.12,27,2517.18,93.23,41,Juniper Hydrating Mask,2025-12-16,528.07,248,2.13,4.77
1765899331700,868,758,4.42,2.31,36.14,20,1650.44,82.52,36,Juniper Hydrating Mask,2025-12-16,549.68,280,1.96,3.00
1765902931700,828,714,5.11,1.81,42.10,15,1362.58,90.84,20,Juniper Hydrating Mask,2025-12-16,452.96,243,1.86,3.01
1765906531700,696,612,4.23,2.28,48.12,16,1317.75,82.36,23,Juniper Hydrating Mask,2025-12-16,443.86,162,2.74,2.97
1765910131700,703,616,5.43,2.64,39.07,19,1667.44,87.76,26,Juniper Hydrating Mask,2025-12-16,500.36,245,2.04,3.33
1765913731700,721,681,5.88,1.46,34.47,11,908.51,82.59,15,Juniper Hydrating Mask,2025-12-16,454.66,197,2.31,2.00
1765917331700,728,659,3.28,2.13,47.04,16,1430.29,89.39,30,Juniper Hydrating Mask,2025-12-16,494.99,234,2.12,2.89
1765920931700,796,732,5.82,1.98,39.95,16,1487.31,92.96,26,Juniper Hydrating Mask,2025-12-16,501.46,260,1.93,2.97
1765924531700,868,779,6.24,1.91,35.14,17,1435.31,84.43,27,Juniper Hydrating Mask,2025-12-16,505.38,271,1.86,2.84
1765928131700,942,798,5.40,1.94,49.82,18,1725.87,95.88,27,Juniper Hydrating Mask,2025-12-16,570.10,211,2.70,3.03
1765931731700,1043,858,7.98,2.05,40.33,21,1750.57,83.36,27,Juniper Hydrating Mask,2025-12-17,478.48,225,2.13,3.66
1765935331700,1132,921,7.42,3.58,39.46,41,3934.77,95.97,69,Juniper Hydrating Mask,2025-12-17,570.12,204,2.79,6.90
1765938931700,1244,1067,6.27,3.57,42.10,44,4284.89,97.38,68,Juniper Hydrating Mask,2025-12-17,573.47,288,1.99,7.47
1765942531700,1315,1231,8.48,3.02,41.83,40,3579.04,89.48,71,Juniper Hydrating Mask,2025-12-17,514.51,198,2.60,6.96
1765946131700,1354,1232,9.35,3.34,47.93,45,3949.82,87.77,55,Juniper Hydrating Mask,2025-12-17,497.91,268,1.86,7.93
1765949731700,1393,1161,8.09,3.11,40.29,43,4179.71,97.20,64,Juniper Hydrating Mask,2025-12-17,531.53,276,1.93,7.86
1765953331700,1409,1263,8.29,2.66,41.59,38,3618.52,95.22,51,Juniper Hydrating Mask,2025-12-17,545.78,275,1.98,6.63
1765956931700,1411,1289,8.65,2.57,47.41,36,3352.45,93.12,68,Juniper Hydrating Mask,2025-12-17,521.30,228,2.29,6.43
1765960531700,1371,1103,9.30,3.21,51.74,44,4297.52,97.67,54,Juniper Hydrating Mask,2025-12-17,515.35,212,2.43,8.34
1765964131700,1308,1218,8.85,3.49,49.35,46,4243.58,92.25,80,Juniper Hydrating Mask,2025-12-17,541.74,214,2.53,7.83
1765967731700,1253,1171,6.73,2.87,39.30,36,3116.17,86.56,50,Juniper Hydrating Mask,2025-12-17,587.48,269,2.18,5.30
1765971331700,1153,997,6.52,3.53,48.76,41,3823.34,93.25,57,Juniper Hydrating Mask,2025-12-17,511.71,232,2.21,7.47
1765974931700,1071,941,7.89,2.89,36.80,31,2730.28,88.07,46,Juniper Hydrating Mask,2025-12-17,527.35,266,1.98,5.18
1765978531700,973,789,6.42,3.33,46.72,32,2850.78,89.09,43,Juniper Hydrating Mask,2025-12-17,565.92,208,2.72,5.04
1765982131700,870,808,6.73,2.82,36.09,24,2192.49,91.35,44,Juniper Hydrating Mask,2025-12-17,475.34,174,2.73,4.61
1765985731700,792,709,5.30,2.91,46.17,23,2256.35,98.10,43,Juniper Hydrating Mask,2025-12-17,531.38,179,2.97,4.25
1765989331700,746,703,5.06,3.07,39.01,23,1947.97,84.69,41,Juniper Hydrating Mask,2025-12-17,476.87,163,2.93,4.08
1765992931700,665,576,4.90,2.76,34.27,18,1736.12,96.45,32,Juniper Hydrating Mask,2025-12-17,525.17,234,2.24,3.31
1765996531700,629,527,5.07,2.19,37.86,14,1373.63,98.12,18,Juniper Hydrating Mask,2025-12-17,500.58,167,3.00,2.74
1766000131700,672,591,5.09,1.90,34.58,13,1090.66,83.90,16,Juniper Hydrating Mask,2025-12-17,511.54,171,2.99,2.13
1766003731700,676,568,3.47,1.71,33.38,12,1079.40,89.95,17,Juniper Hydrating Mask,2025-12-17,505.23,242,2.09,2.14
1766007331700,732,665,4.62,1.60,42.75,12,1186.05,98.84,18,Juniper Hydrating Mask,2025-12-17,457.12,162,2.82,2.59
1766010931700,818,769,4.78,1.97,43.82,16,1438.25,89.89,21,Juniper Hydrating Mask,2025-12-17,475.71,242,1.97,3.02
1766014531700,876,784,4.83,2.75,43.45,24,2054.29,85.60,35,Juniper Hydrating Mask,2025-12-17,507.55,222,2.29,4.05
1766018131700,979,899,7.58,2.17,40.06,21,1852.51,88.21,29,Juniper Hydrating Mask,2025-12-18,545.62,253,2.16,3.40
1766021731700,1056,872,7.27,2.22,50.71,23,2061.56,89.63,32,Juniper Hydrating Mask,2025-12-18,565.53,287,1.97,3.65
1766025331700,1136,1049,8.48,2.70,40.40,31,2575.80,83.09,40,Juniper Hydrating Mask,2025-12-18,490.21,248,1.98,5.25
1766028931700,1225,985,7.12,3.01,45.19,37,3545.82,95.83,45,Juniper Hydrating Mask,2025-12-18,520.78,181,2.88,6.81
1766032531700,1292,1063,8.42,3.68,52.09,48,3919.13,81.65,68,Juniper Hydrating Mask,2025-12-18,565.57,275,2.06,6.93
1766036131700,1323,1194,9.26,4.09,45.50,54,4505.40,83.43,101,Juniper Hydrating Mask,2025-12-18,586.49,307,1.91,7.68
1766039731700,1302,1152,8.91,3.18,47.83,41,3603.90,87.90,74,Juniper Hydrating Mask,2025-12-18,585.37,201,2.91,6.16
1766043331700,1309,1117,7.27,3.81,45.55,50,4435.15,88.70,69,Juniper Hydrating Mask,2025-12-18,592.02,210,2.82,7.49
1766046931700,1257,1150,7.68,2.46,45.85,31,2903.82,93.67,41,Juniper Hydrating Mask,2025-12-18,583.63,210,2.78,4.98
1766050531700,1208,1098,7.20,3.00,50.88,36,3478.30,96.62,46,Juniper Hydrating Mask,2025-12-18,541.06,294,1.84,6.43
1766054131700,1162,967,8.12,3.70,36.69,43,3691.27,85.84,65,Juniper Hydrating Mask,2025-12-18,545.30,298,1.83,6.77
1766057731700,1056,908,7.10,2.83,37.95,30,2568.55,85.62,56,Juniper Hydrating Mask,2025-12-18,491.63,176,2.79,5.22
1766061331700,1002,870,5.02,2.93,36.77,29,2816.62,97.12,40,Juniper Hydrating Mask,2025-12-18,558.74,221,2.53,5.04
1766064931700,915,783,6.51,3.16,49.18,29,2543.33,87.70,52,Juniper Hydrating Mask,2025-12-18,459.29,237,1.94,5.54
1766068531700,834,680,4.66,3.24,47.94,27,2331.19,86.34,36,Juniper Hydrating Mask,2025-12-18,451.80,151,2.99,5.16
1766072131700,736,651,3.95,2.04,44.38,15,1436.25,95.75,27,Juniper Hydrating Mask,2025-12-18,539.19,230,2.34,2.66
1766075731700,672,632,5.23,1.33,46.69,9,783.18,87.02,17,Juniper Hydrating Mask,2025-12-18,509.87,172,2.96,1.54
1766079331700,670,610,5.11,2.26,47.36,15,1480.81,98.72,23,Juniper Hydrating Mask,2025-12-18,501.20,260,1.93,2.95
1766082931700,668,615,4.73,2.43,34.52,16,1382.82,86.43,24,Juniper Hydrating Mask,2025-12-18,470.23,205,2.29,2.94
1766086531700,667,593,4.88,1.93,35.09,13,1157.54,89.04,24,Juniper Hydrating Mask,2025-12-18,511.32,213,2.40,2.26
1766090131700,700,640,4.51,1.66,42.82,12,1051.86,87.66,21,Juniper Hydrating Mask,2025-12-18,447.11,235,1.90,2.35
1766093731700,781,630,4.96,2.91,34.35,23,2065.49,89.80,44,Juniper Hydrating Mask,2025-12-18,474.82,187,2.54,4.35
1766097331700,839,672,4.66,1.99,49.82,17,1583.70,93.16,26,Juniper Hydrating Mask,2025-12-18,521.54,260,2.01,3.04
1766100931700,912,817,6.65,2.92,41.44,27,2473.31,91.60,36,Juniper Hydrating Mask,2025-12-18,470.63,194,2.43,5.26
1766104531700,998,940,6.56,3.25,43.61,32,2852.18,89.13,44,Juniper Hydrating Mask,2025-12-19,573.12,300,1.91,4.98
1766108131700,1079,999,6.75,2.54,47.46,27,2351.86,87.11,51,Juniper Hydrating Mask,2025-12-19,581.46,217,2.68,4.04
1766111731700,1180,1026,6.07,2.98,39.49,35,3133.06,89.52,51,Juniper Hydrating Mask,2025-12-19,570.61,256,2.23,5.49
1766115331700,1267,1064,7.87,3.55,43.65,45,4335.56,96.35,81,Juniper Hydrating Mask,2025-12-19,550.26,296,1.86,7.88
1766118931700,1301,1149,7.81,3.07,47.28,40,3319.05,82.98,59,Juniper Hydrating Mask,2025-12-19,513.01,216,2.38,6.47
1766122531700,1335,1097,7.79,3.01,40.87,40,3562.64,89.07,70,Juniper Hydrating Mask,2025-12-19,532.31,238,2.24,6.69
1766126131700,1358,1115,8.89,2.81,43.96,38,3700.32,97.38,71,Juniper Hydrating Mask,2025-12-19,523.40,205,2.55,7.07
1766129731700,1329,1187,7.82,2.53,43.97,34,2905.17,85.45,61,Juniper Hydrating Mask,2025-12-19,497.86,250,1.99,5.84
1766133331700,1327,1164,6.93,3.23,50.12,43,3660.07,85.12,69,Juniper Hydrating Mask,2025-12-19,500.11,217,2.30,7.32
1766136931700,1255,1049,8.86,3.63,48.50,46,4210.21,91.53,63,Juniper Hydrating Mask,2025-12-19,565.87,297,1.91,7.44
1766140531700,1173,998,6.51,3.21,47.61,38,3344.53,88.01,68,Juniper Hydrating Mask,2025-12-19,531.30,216,2.46,6.29
1766144131700,1085,925,6.68,2.89,46.75,31,3034.46,97.89,47,Juniper Hydrating Mask,2025-12-19,515.10,219,2.35,5.89
1766147731700,1005,831,7.52,2.78,44.21,28,2277.85,81.35,48,Juniper Hydrating Mask,2025-12-19,542.27,186,2.92,4.20
1766151331700,899,736,4.79,2.27,44.65,20,1755.73,87.79,36,Juniper Hydrating Mask,2025-12-19,520.11,189,2.75,3.38
1766154931700,847,777,4.02,2.85,37.22,24,1997.61,83.23,31,Juniper Hydrating Mask,2025-12-19,542.68,205,2.65,3.68
1766158531700,748,616,3.63,2.00,40.00,15,1323.56,88.24,18,Juniper Hydrating Mask,2025-12-19,535.36,272,1.97,2.47
1766162131700,716,614,3.50,1.95,39.16,14,1152.54,82.32,18,Juniper Hydrating Mask,2025-12-19,523.21,200,2.62,2.20
1766165731700,746,659,5.08,1.99,47.38,15,1422.89,94.86,25,Juniper Hydrating Mask,2025-12-19,550.27,287,1.92,2.59
1766169331700,712,589,5.25,2.45,46.23,17,1565.46,92.09,30,Juniper Hydrating Mask,2025-12-19,455.67,237,1.92,3.44
1766172931700,754,652,4.45,1.22,34.21,9,795.54,88.39,14,Juniper Hydrating Mask,2025-12-19,521.83,243,2.15,1.52
1766176531700,794,699,3.36,2.55,37.64,20,1778.78,88.94,31,Juniper Hydrating Mask,2025-12-19,452.56,221,2.05,3.93
1766180131700,837,738,4.39,2.98,38.98,25,2370.86,94.83,38,Juniper Hydrating Mask,2025-12-19,484.22,184,2.63,4.90
1766183731700,920,744,5.63,3.01,48.77,28,2706.76,96.67,52,Juniper Hydrating Mask,2025-12-19,479.21,180,2.66,5.65
1766187331700,1030,919,6.05,2.50,46.40,26,2191.19,84.28,39,Juniper Hydrating Mask,2025-12-19,524.92,269,1.95,4.17
1766190931700,1108,1022,7.28,2.01,45.00,22,2041.13,92.78,29,Juniper Hydrating Mask,2025-12-20,521.94,264,1.98,3.91
1766194531700,1198,1090,7.44,3.12,43.17,37,3027.15,81.81,50,Juniper Hydrating Mask,2025-12-20,536.06,260,2.06,5.65
1766198131700,1319,1184,8.12,3.21,45.89,42,3605.39,85.84,73,Juniper Hydrating Mask,2025-12-20,488.93,248,1.97,7.37
1766201731700,1368,1102,6.65,3.11,43.70,43,3878.55,90.20,78,Juniper Hydrating Mask,2025-12-20,495.90,173,2.87,7.82
1766205331700,1451,1365,7.78,3.17,44.61,46,4452.05,96.78,58,Juniper Hydrating Mask,2025-12-20,552.10,206,2.68,8.06
1766208931700,1474,1278,7.43,3.40,43.33,50,4444.10,88.88,68,Juniper Hydrating Mask,2025-12-20,595.85,270,2.21,7.46
1766212531700,1486,1315,7.31,2.99,46.44,44,4081.34,92.76,55,Juniper Hydrating Mask,2025-12-20,502.92,200,2.51,8.12
1766216131700,1482,1372,7.12,3.98,45.54,59,5575.91,94.51,80,Juniper Hydrating Mask,2025-12-20,550.88,206,2.67,10.12
1766219731700,1433,1218,9.68,2.39,45.03,34,2804.93,82.50,49,Juniper Hydrating Mask,2025-12-20,527.61,284,1.86,5.32
1766223331700,1385,1287,7.78,3.37,45.51,47,4325.30,92.03,79,Juniper Hydrating Mask,2025-12-20,523.42,289,1.81,8.26
1766226931700,1316,1110,6.61,2.33,37.35,31,2973.80,95.93,37,Juniper Hydrating Mask,2025-12-20,480.89,185,2.60,6.18
1766230531700,1193,1092,8.17,2.23,42.50,27,2398.93,88.85,33,Juniper Hydrating Mask,2025-12-20,562.65,249,2.26,4.26
1766234131700,1101,1020,5.35,2.86,45.74,31,2539.90,81.93,43,Juniper Hydrating Mask,2025-12-20,492.46,174,2.83,5.16
1766237731700,1009,908,7.03,2.73,36.91,28,2525.00,90.18,50,Juniper Hydrating Mask,2025-12-20,466.72,183,2.55,5.41
1766241331700,924,827,4.83,2.90,43.20,27,2588.17,95.86,37,Juniper Hydrating Mask,2025-12-20,532.93,253,2.11,4.86
1766244931700,859,723,6.31,1.56,46.46,13,1144.25,88.02,22,Juniper Hydrating Mask,2025-12-20,555.48,229,2.43,2.06
1766248531700,799,656,5.62,2.91,41.17,23,2146.43,93.32,38,Juniper Hydrating Mask,2025-12-20,468.20,164,2.85,4.58
1766252131700,813,675,3.20,1.31,37.43,11,997.81,90.71,18,Juniper Hydrating Mask,2025-12-20,460.08,156,2.95,2.17
1766255731700,814,711,4.62,1.92,37.28,16,1495.05,93.44,29,Juniper Hydrating Mask,2025-12-20,502.01,202,2.49,2.98
1766259331700,807,688,3.72,2.55,42.30,21,2057.44,97.97,35,Juniper Hydrating Mask,2025-12-20,448.70,171,2.62,4.59
1766262931700,869,733,5.89,1.71,46.60,15,1462.60,97.51,21,Juniper Hydrating Mask,2025-12-20,534.31,196,2.73,2.74
1766266531700,911,778,5.30,2.13,48.04,19,1767.01,93.00,32,Juniper Hydrating Mask,2025-12-20,528.17,224,2.36,3.35
1766270131700,1000,868,6.17,2.26,36.89,23,2073.62,90.16,30,Juniper Hydrating Mask,2025-12-20,501.46,192,2.61,4.14
1766273731700,1112,1049,6.26,3.17,37.38,35,2966.24,84.75,61,Juniper Hydrating Mask,2025-12-20,475.78,260,1.83,6.23
1766277331700,1210,996,6.70,2.27,47.05,27,2618.77,96.99,48,Juniper Hydrating Mask,2025-12-21,507.09,274,1.85,5.16
1766280931700,1325,1234,7.44,2.16,45.99,29,2432.23,83.87,44,Juniper Hydrating Mask,2025-12-21,578.95,277,2.09,4.20
1766284531700,1436,1249,8.28,2.88,45.10,41,3957.82,96.53,61,Juniper Hydrating Mask,2025-12-21,524.59,254,2.07,7.54
1766288131700,1513,1213,7.79,3.60,37.31,55,4611.99,83.85,76,Juniper Hydrating Mask,2025-12-21,509.55,180,2.83,9.05
1766291731700,1563,1453,7.07,2.74,47.12,43,3942.34,91.68,75,Juniper Hydrating Mask,2025-12-21,504.23,179,2.82,7.82
1766295331700,1623,1411,9.50,2.67,38.20,43,3629.99,84.42,57,Juniper Hydrating Mask,2025-12-21,525.81,185,2.84,6.90
1766298931700,1613,1514,7.76,3.02,47.36,49,4351.10,88.80,81,Juniper Hydrating Mask,2025-12-21,574.02,222,2.59,7.58
1766302531700,1598,1282,9.46,4.15,45.08,66,6031.69,91.39,106,Juniper Hydrating Mask,2025-12-21,531.39,265,2.01,11.35
1766306131700,1565,1358,8.11,2.81,36.84,44,3879.79,88.18,57,Juniper Hydrating Mask,2025-12-21,482.13,211,2.28,8.05
1766309731700,1505,1355,8.05,2.27,41.21,34,2975.80,87.52,50,Juniper Hydrating Mask,2025-12-21,554.33,281,1.97,5.37
1766313331700,1428,1153,7.76,3.39,39.64,48,4587.23,95.57,85,Juniper Hydrating Mask,2025-12-21,474.23,252,1.88,9.67
1766316931700,1321,1241,7.48,2.80,44.96,37,3168.93,85.65,64,Juniper Hydrating Mask,2025-12-21,529.11,217,2.44,5.99
1766320531700,1211,984,5.40,3.29,42.88,40,3432.65,85.82,59,Juniper Hydrating Mask,2025-12-21,533.13,268,1.99,6.44
1766324131700,1114,1028,4.63,3.02,49.04,34,2788.44,82.01,52,Juniper Hydrating Mask,2025-12-21,536.34,283,1.90,5.20
1766327731700,1008,883,5.31,2.97,36.41,30,2700.72,90.02,40,Juniper Hydrating Mask,2025-12-21,448.57,165,2.72,6.02
1766331331700,927,838,3.70,2.45,39.41,23,2164.82,94.12,38,Juniper Hydrating Mask,2025-12-21,518.95,190,2.73,4.17
1766334931700,850,766,5.39,1.33,39.62,11,928.08,84.37,18,Juniper Hydrating Mask,2025-12-21,486.27,228,2.13,1.91
1766338531700,815,654,3.22,2.13,33.75,17,1453.55,85.50,25,Juniper Hydrating Mask,2025-12-21,500.15,172,2.91,2.91
1766342131700,801,697,3.62,2.86,44.37,23,2135.84,92.86,30,Juniper Hydrating Mask,2025-12-21,509.78,219,2.33,4.19
1766345731700,822,721,3.55,2.98,41.34,24,2135.24,88.97,40,Juniper Hydrating Mask,2025-12-21,459.27,168,2.73,4.65
1766349331700,855,783,3.69,1.60,44.62,14,1236.27,88.31,20,Juniper Hydrating Mask,2025-12-21,529.65,183,2.89,2.33
1766352931700,952,878,5.70,1.81,38.40,17,1548.24,91.07,29,Juniper Hydrating Mask,2025-12-21,558.26,251,2.22,2.77
1766356531700,1027,902,6.45,1.76,48.44,18,1598.57,88.81,22,Juniper Hydrating Mask,2025-12-21,480.69,256,1.88,3.33
1766360131700,1146,928,6.59,2.78,34.67,32,3019.74,94.37,60,Juniper Hydrating Mask,2025-12-21,468.41,232,2.02,6.45
1766363731700,1224,1004,7.50,1.83,36.69,22,1793.90,81.54,36,Juniper Hydrating Mask,2025-12-22,524.03,251,2.09,3.42
1766367331700,1346,1274,8.12,2.87,48.88,39,3692.94,94.69,56,Juniper Hydrating Mask,2025-12-22,516.69,221,2.34,7.15
1766370931700,1459,1334,8.21,2.75,49.65,40,3779.53,94.49,72,Juniper Hydrating Mask,2025-12-22,588.14,320,1.84,6.43
1766374531700,1551,1304,7.68,3.68,39.16,57,4862.34,85.30,84,Juniper Hydrating Mask,2025-12-22,494.92,216,2.29,9.82
1766378131700,1622,1371,7.17,2.62,46.25,43,4088.58,95.08,65,Juniper Hydrating Mask,2025-12-22,568.85,276,2.06,7.19
1766381731700,1645,1477,9.19,2.81,45.20,46,4486.86,97.54,71,Juniper Hydrating Mask,2025-12-22,593.51,223,2.66,7.56
1766385331700,1680,1507,8.30,2.44,52.66,41,3920.40,95.62,76,Juniper Hydrating Mask,2025-12-22,572.14,199,2.88,6.85
1766388931700,1655,1360,6.96,3.05,47.27,51,4458.17,87.42,74,Juniper Hydrating Mask,2025-12-22,595.55,219,2.72,7.49
1766392531700,1622,1317,8.55,3.84,42.38,62,5384.88,86.85,114,Juniper Hydrating Mask,2025-12-22,499.95,197,2.54,10.77
1766396131700,1547,1265,9.33,3.67,44.72,57,5298.45,92.96,85,Juniper Hydrating Mask,2025-12-22,496.41,168,2.95,10.67
1766399731700,1442,1231,6.55,3.42,51.72,49,4183.08,85.37,79,Juniper Hydrating Mask,2025-12-22,523.15,218,2.40,8.00
1766403331700,1351,1204,5.98,2.46,42.59,33,3106.36,94.13,54,Juniper Hydrating Mask,2025-12-22,494.10,257,1.92,6.29
1766406931700,1251,1050,6.57,2.95,42.74,37,3552.50,96.01,55,Juniper Hydrating Mask,2025-12-22,498.55,181,2.75,7.13
1766410531700,1140,990,6.62,1.91,40.03,22,2059.84,93.63,33,Juniper Hydrating Mask,2025-12-22,480.98,188,2.56,4.28
1766414131700,1034,976,4.07,2.06,44.60,21,1721.52,81.98,37,Juniper Hydrating Mask,2025-12-22,555.54,243,2.29,3.10
1766417731700,949,781,4.82,2.87,36.31,27,2278.18,84.38,45,Juniper Hydrating Mask,2025-12-22,465.94,181,2.57,4.89
1766421331700,868,772,5.17,2.37,40.12,21,1812.05,86.29,31,Juniper Hydrating Mask,2025-12-22,494.66,232,2.13,3.66
1766424931700,797,662,5.42,1.65,47.98,13,1160.39,89.26,18,Juniper Hydrating Mask,2025-12-22,517.04,175,2.95,2.24
1766428531700,748,674,3.13,1.48,36.24,11,1009.16,91.74,19,Juniper Hydrating Mask,2025-12-22,545.25,282,1.93,1.85
1766432131700,760,612,4.68,2.14,39.16,16,1303.17,81.45,21,Juniper Hydrating Mask,2025-12-22,519.93,277,1.88,2.51
1766435731700,828,690,4.47,1.33,46.27,11,926.60,84.24,16,Juniper Hydrating Mask,2025-12-22,478.86,246,1.95,1.93
1766439331700,883,729,3.65,1.84,48.17,16,1539.43,96.21,21,Juniper Hydrating Mask,2025-12-22,562.02,214,2.63,2.74
1766442931700,948,795,5.00,2.55,45.21,24,2158.39,89.93,33,Juniper Hydrating Mask,2025-12-22,562.62,290,1.94,3.84
1766446531700,1065,945,6.78,2.06,41.43,22,1927.10,87.60,29,Juniper Hydrating Mask,2025-12-22,566.71,253,2.24,3.40
1766450131700,1158,1013,5.29,2.76,43.29,32,3141.20,98.16,54,Juniper Hydrating Mask,2025-12-23,577.83,231,2.50,5.44
1766453731700,1264,1189,6.59,2.22,39.04,28,2688.34,96.01,51,Juniper Hydrating Mask,2025-12-23,488.23,176,2.77,5.51
1766457331700,1357,1112,8.62,2.14,38.77,29,2827.84,97.51,53,Juniper Hydrating Mask,2025-12-23,566.67,286,1.98,4.99
1766460931700,1466,1329,8.76,2.83,38.58,41,3730.19,90.98,55,Juniper Hydrating Mask,2025-12-23,514.37,177,2.91,7.25
1766464531700,1530,1291,7.40,3.30,42.34,51,4946.06,96.98,96,Juniper Hydrating Mask,2025-12-23,600.40,209,2.87,8.24
1766468131700,1555,1264,8.56,3.62,48.62,56,5006.42,89.40,81,Juniper Hydrating Mask,2025-12-23,581.94,207,2.81,8.60
1766471731700,1567,1313,7.48,4.00,46.49,63,5788.75,91.88,102,Juniper Hydrating Mask,2025-12-23,517.18,283,1.83,11.19
1766475331700,1570,1315,9.91,2.55,43.93,40,3569.55,89.24,65,Juniper Hydrating Mask,2025-12-23,582.45,313,1.86,6.13
1766478931700,1530,1284,9.04,3.11,50.78,48,4731.84,98.58,83,Juniper Hydrating Mask,2025-12-23,538.77,252,2.14,8.78
1766482531700,1432,1179,9.37,3.61,45.39,52,4753.67,91.42,99,Juniper Hydrating Mask,2025-12-23,507.32,184,2.76,9.37
1766486131700,1364,1172,6.84,2.56,50.89,35,3420.68,97.73,56,Juniper Hydrating Mask,2025-12-23,508.47,217,2.34,6.73
1766489731700,1264,1147,8.03,2.34,45.39,30,2951.67,98.39,52,Juniper Hydrating Mask,2025-12-23,526.24,283,1.86,5.61
1766493331700,1155,973,7.54,2.34,46.39,27,2498.35,92.53,36,Juniper Hydrating Mask,2025-12-23,525.95,267,1.97,4.75
1766496931700,1069,927,6.34,2.33,37.92,25,2330.62,93.22,42,Juniper Hydrating Mask,2025-12-23,535.59,247,2.17,4.35
1766500531700,971,841,4.09,2.90,35.15,28,2452.32,87.58,53,Juniper Hydrating Mask,2025-12-23,537.16,288,1.87,4.57
1766504131700,903,852,6.36,1.69,37.09,15,1383.15,92.21,20,Juniper Hydrating Mask,2025-12-23,547.79,241,2.27,2.52
1766507731700,801,695,6.09,2.59,47.95,21,1703.98,81.14,37,Juniper Hydrating Mask,2025-12-23,465.42,240,1.94,3.66
1766511331700,684,610,4.83,1.53,34.83,10,888.10,88.81,12,Juniper Hydrating Mask,2025-12-23,541.00,211,2.56,1.64
1766514931700,679,632,5.20,2.50,39.06,17,1506.19,88.60,25,Juniper Hydrating Mask,2025-12-23,484.44,212,2.29,3.11
1766518531700,700,562,4.47,1.49,38.74,10,843.34,84.33,14,Juniper Hydrating Mask,2025-12-23,530.34,197,2.69,1.59
1766522131700,743,662,3.76,1.33,45.92,10,816.01,81.60,15,Juniper Hydrating Mask,2025-12-23,515.35,268,1.92,1.58
1766525731700,805,711,5.04,2.72,39.98,22,1936.42,88.02,33,Juniper Hydrating Mask,2025-12-23,536.13,211,2.54,3.61
1766529331700,859,767,4.61,2.31,41.36,20,1644.27,82.21,27,Juniper Hydrating Mask,2025-12-23,557.14,213,2.62,2.95
1766532931700,963,892,7.28,2.93,43.68,28,2332.60,83.31,49,Juniper Hydrating Mask,2025-12-23,557.20,309,1.80,4.19
1766536531700,1053,856,6.54,2.57,46.44,27,2264.59,83.87,44,Juniper Hydrating Mask,2025-12-24,578.15,318,1.82,3.92
1766540131700,1146,991,8.03,2.30,49.52,26,2323.03,89.35,32,Juniper Hydrating Mask,2025-12-24,580.47,321,1.81,4.00
1766543731700,1239,1022,8.81,3.16,45.58,39,3225.43,82.70,54,Juniper Hydrating Mask,2025-12-24,571.38,214,2.67,5.64
1766547331700,1326,1132,8.35,2.87,49.26,38,3223.56,84.83,48,Juniper Hydrating Mask,2025-12-24,547.59,291,1.88,5.89
1766550931700,1364,1204,8.68,3.82,49.80,52,4844.56,93.16,87,Juniper Hydrating Mask,2025-12-24,568.93,200,2.84,8.52
1766554531700,1420,1180,7.23,2.53,43.15,36,3097.04,86.03,51,Juniper Hydrating Mask,2025-12-24,484.76,230,2.11,6.39
1766558131700,1400,1224,9.86,2.69,44.62,38,3718.52,97.86,59,Juniper Hydrating Mask,2025-12-24,557.67,236,2.36,6.67
1766561731700,1409,1242,8.05,2.55,37.18,36,3178.04,88.28,45,Juniper Hydrating Mask,2025-12-24,550.45,184,2.99,5.77
1766565331700,1377,1226,9.41,3.75,48.61,52,4478.01,86.12,80,Juniper Hydrating Mask,2025-12-24,599.28,299,2.00,7.47
1766568931700,1300,1211,8.71,2.61,51.68,34,2859.06,84.09,55,Juniper Hydrating Mask,2025-12-24,546.32,244,2.24,5.23
1766572531700,1215,1071,6.29,3.45,45.03,42,3928.57,93.54,71,Juniper Hydrating Mask,2025-12-24,549.75,193,2.85,7.15
1766576131700,1164,1069,6.80,3.54,42.59,41,3920.47,95.62,58,Juniper Hydrating Mask,2025-12-24,499.90,176,2.84,7.84
1766579731700,1054,845,5.84,2.93,39.56,31,2857.54,92.18,55,Juniper Hydrating Mask,2025-12-24,578.19,299,1.93,4.94
1766583331700,978,915,5.57,2.90,36.72,28,2383.90,85.14,44,Juniper Hydrating Mask,2025-12-24,477.58,178,2.68,4.99
1766586931700,855,717,6.73,3.00,49.68,26,2170.23,83.47,37,Juniper Hydrating Mask,2025-12-24,500.42,193,2.59,4.34
1766590531700,806,726,3.81,2.15,47.91,17,1488.51,87.56,30,Juniper Hydrating Mask,2025-12-24,443.71,198,2.24,3.35
1766594131700,738,608,4.08,2.28,39.00,17,1537.76,90.46,21,Juniper Hydrating Mask,2025-12-24,530.81,211,2.52,2.90
1766597731700,675,544,5.59,1.41,34.49,9,783.64,87.07,16,Juniper Hydrating Mask,2025-12-24,479.19,258,1.86,1.64
1766601331700,634,535,4.16,2.69,44.12,17,1671.72,98.34,24,Juniper Hydrating Mask,2025-12-24,543.15,286,1.90,3.08
1766604931700,656,602,4.70,1.22,41.51,8,731.83,91.48,13,Juniper Hydrating Mask,2025-12-24,453.58,172,2.64,1.61
1766608531700,701,661,4.07,2.78,36.24,20,1770.49,88.52,28,Juniper Hydrating Mask,2025-12-24,508.10,246,2.07,3.48
1766612131700,750,668,5.07,2.92,48.51,22,1892.68,86.03,32,Juniper Hydrating Mask,2025-12-24,459.27,236,1.95,4.12
1766615731700,806,694,4.79,2.70,43.82,22,2083.44,94.70,38,Juniper Hydrating Mask,2025-12-24,548.53,192,2.86,3.80
1766619331700,876,754,7.06,3.24,47.78,28,2493.18,89.04,40,Juniper Hydrating Mask,2025-12-24,477.60,213,2.24,5.22
1766622931700,1000,909,7.26,2.90,49.13,29,2360.22,81.39,54,Juniper Hydrating Mask,2025-12-25,572.97,210,2.73,4.12
1766626531700,1063,999,5.78,2.30,36.56,24,2330.75,97.11,32,Juniper Hydrating Mask,2025-12-25,541.41,231,2.34,4.30
1766630131700,1143,1082,6.63,2.65,49.02,30,2865.75,95.52,45,Juniper Hydrating Mask,2025-12-25,507.29,225,2.25,5.65
1766633731700,1201,1059,8.10,3.87,47.67,46,4183.68,90.95,65,Juniper Hydrating Mask,2025-12-25,492.17,190,2.59,8.50
1766637331700,1286,1179,8.70,3.90,39.71,50,4398.92,87.98,90,Juniper Hydrating Mask,2025-12-25,600.92,229,2.62,7.32
1766640931700,1311,1221,7.92,3.13,39.57,41,3462.59,84.45,51,Juniper Hydrating Mask,2025-12-25,524.20,254,2.06,6.61
1766644531700,1325,1209,8.29,2.98,52.58,39,3389.23,86.90,72,Juniper Hydrating Mask,2025-12-25,493.13,244,2.02,6.87
1766648131700,1296,1093,7.42,3.05,49.25,40,3664.23,91.61,70,Juniper Hydrating Mask,2025-12-25,486.06,253,1.92,7.54
1766651731700,1262,1136,7.21,2.36,51.84,30,2951.57,98.39,40,Juniper Hydrating Mask,2025-12-25,531.87,182,2.92,5.55
1766655331700,1237,1001,8.93,3.08,51.74,38,3546.44,93.33,66,Juniper Hydrating Mask,2025-12-25,493.53,192,2.57,7.19
1766658931700,1136,955,7.27,3.51,46.60,40,3586.36,89.66,74,Juniper Hydrating Mask,2025-12-25,483.34,193,2.50,7.42
1766662531700,1071,917,6.55,3.47,43.64,37,3163.73,85.51,51,Juniper Hydrating Mask,2025-12-25,557.66,194,2.87,5.67
1766666131700,969,889,6.70,1.86,35.08,18,1741.06,96.73,31,Juniper Hydrating Mask,2025-12-25,557.61,270,2.07,3.12
1766669731700,892,780,5.86,3.42,47.54,31,2955.41,95.34,58,Juniper Hydrating Mask,2025-12-25,539.05,249,2.16,5.48
1766673331700,809,760,6.17,2.48,43.68,20,1707.01,85.35,37,Juniper Hydrating Mask,2025-12-25,553.86,287,1.93,3.08
1766676931700,757,645,4.94,2.61,46.80,20,1900.24,95.01,28,Juniper Hydrating Mask,2025-12-25,474.32,201,2.36,4.01
1766680531700,681,645,5.90,1.78,39.18,12,1158.44,96.54,15,Juniper Hydrating Mask,2025-12-25,543.96,299,1.82,2.13
1766684131700,676,562,4.57,2.40,49.03,16,1424.70,89.04,28,Juniper Hydrating Mask,2025-12-25,439.02,200,2.20,3.25
1766687731700,663,604,5.86,2.06,47.83,14,1257.11,89.79,20,Juniper Hydrating Mask,2025-12-25,516.63,239,2.16,2.43
1766691331700,656,603,6.06,2.21,33.10,14,1150.41,82.17,22,Juniper Hydrating Mask,2025-12-25,483.84,196,2.47,2.38
1766694931700,709,639,6.14,2.63,34.66,19,1579.09,83.11,31,Juniper Hydrating Mask,2025-12-25,443.73,184,2.41,3.56
1766698531700,773,719,4.66,2.58,47.31,20,1772.65,88.63,32,Juniper Hydrating Mask,2025-12-25,491.06,184,2.67,3.61
1766702131700,837,772,5.72,2.96,40.88,25,2025.39,81.02,38,Juniper Hydrating Mask,2025-12-25,509.37,192,2.65,3.98
1766705731700,899,758,5.58,3.44,42.10,31,3008.50,97.05,49,Juniper Hydrating Mask,2025-12-25,481.72,189,2.55,6.25
1766709331700,991,937,6.42,2.70,36.31,27,2199.14,81.45,43,Juniper Hydrating Mask,2025-12-26,461.25,236,1.95,4.77
1766712931700,1103,937,7.64,2.92,42.35,32,2617.67,81.80,42,Juniper Hydrating Mask,2025-12-26,484.76,241,2.01,5.40
1766716531700,1201,994,7.03,2.13,46.63,26,2416.35,92.94,41,Juniper Hydrating Mask,2025-12-26,505.75,242,2.09,4.78
1766720131700,1272,1105,7.10,3.66,38.87,47,4616.94,98.23,88,Juniper Hydrating Mask,2025-12-26,486.14,246,1.98,9.50
1766723731700,1308,1152,9.31,4.08,38.75,53,5123.71,96.67,91,Juniper Hydrating Mask,2025-12-26,565.77,289,1.96,9.06
1766727331700,1351,1101,8.33,2.61,50.43,35,3078.93,87.97,42,Juniper Hydrating Mask,2025-12-26,603.80,215,2.81,5.10
1766730931700,1359,1134,8.59,3.54,44.14,48,4417.38,92.03,82,Juniper Hydrating Mask,2025-12-26,486.59,269,1.81,9.08
1766734531700,1323,1125,8.37,2.51,42.29,33,2743.94,83.15,44,Juniper Hydrating Mask,2025-12-26,586.60,267,2.20,4.68
1766738131700,1294,1111,6.97,2.89,49.80,37,3055.73,82.59,62,Juniper Hydrating Mask,2025-12-26,516.33,201,2.57,5.92
1766741731700,1244,997,8.02,3.54,44.21,44,3664.07,83.27,73,Juniper Hydrating Mask,2025-12-26,567.00,243,2.33,6.46
1766745331700,1168,1024,8.18,2.40,38.95,28,2311.86,82.57,34,Juniper Hydrating Mask,2025-12-26,539.47,215,2.51,4.29
1766748931700,1078,1006,5.86,3.04,45.11,33,3122.66,94.63,55,Juniper Hydrating Mask,2025-12-26,502.51,179,2.81,6.21
1766752531700,1006,820,5.91,1.98,38.46,20,1872.94,93.65,25,Juniper Hydrating Mask,2025-12-26,460.57,213,2.16,4.07
1766756131700,920,773,6.70,1.83,50.03,17,1675.37,98.55,23,Juniper Hydrating Mask,2025-12-26,471.36,197,2.39,3.55
1766759731700,854,704,5.12,2.92,41.13,25,2036.18,81.45,37,Juniper Hydrating Mask,2025-12-26,566.47,224,2.53,3.59
1766763331700,780,696,4.72,1.43,46.19,11,1081.06,98.28,18,Juniper Hydrating Mask,2025-12-26,483.69,254,1.90,2.24
1766766931700,726,609,5.56,2.30,36.51,17,1395.81,82.11,30,Juniper Hydrating Mask,2025-12-26,553.61,256,2.16,2.52
1766770531700,731,623,5.86,1.28,35.16,9,836.29,92.92,15,Juniper Hydrating Mask,2025-12-26,528.66,286,1.85,1.58
1766774131700,716,601,4.78,2.97,38.54,21,1933.49,92.07,34,Juniper Hydrating Mask,2025-12-26,514.24,185,2.78,3.76
1766777731700,758,633,4.61,2.46,33.55,19,1598.72,84.14,25,Juniper Hydrating Mask,2025-12-26,500.54,213,2.35,3.19
1766781331700,784,741,5.21,1.91,47.25,15,1326.86,88.46,22,Juniper Hydrating Mask,2025-12-26,529.78,225,2.35,2.50
1766784931700,829,780,6.09,2.16,39.95,18,1649.15,91.62,33,Juniper Hydrating Mask,2025-12-26,537.79,276,1.95,3.07
1766788531700,938,840,5.54,2.66,43.09,25,2130.61,85.22,42,Juniper Hydrating Mask,2025-12-26,501.55,212,2.37,4.25
1766792131700,1007,879,6.79,3.42,46.68,34,3304.25,97.18,59,Juniper Hydrating Mask,2025-12-26,475.40,191,2.49,6.95
1766795731700,1105,909,6.42,2.39,44.95,26,2213.09,85.12,45,Juniper Hydrating Mask,2025-12-27,484.97,194,2.50,4.56
1766799331700,1204,1135,6.97,2.83,48.29,34,3241.81,95.35,45,Juniper Hydrating Mask,2025-12-27,550.66,200,2.75,5.89
1766802931700,1298,1093,6.54,2.23,39.37,29,2470.89,85.20,37,Juniper Hydrating Mask,2025-12-27,550.05,188,2.93,4.49
1766806531700,1383,1119,9.32,2.92,42.97,40,3711.87,92.80,63,Juniper Hydrating Mask,2025-12-27,489.37,244,2.01,7.59
1766810131700,1431,1183,9.71,2.32,41.82,33,3167.80,95.99,42,Juniper Hydrating Mask,2025-12-27,507.39,182,2.79,6.24
1766813731700,1476,1239,9.57,2.63,43.55,39,3422.58,87.76,53,Juniper Hydrating Mask,2025-12-27,524.01,189,2.77,6.53
1766817331700,1483,1385,8.43,3.26,49.14,48,4339.52,90.41,62,Juniper Hydrating Mask,2025-12-27,508.01,221,2.30,8.54
1766820931700,1491,1274,7.84,2.92,41.86,44,4320.66,98.20,80,Juniper Hydrating Mask,2025-12-27,506.45,188,2.69,8.53
1766824531700,1452,1301,9.73,3.98,37.24,58,4987.11,85.98,74,Juniper Hydrating Mask,2025-12-27,530.65,226,2.35,9.40
1766828131700,1385,1262,7.69,2.51,47.60,35,2854.59,81.56,52,Juniper Hydrating Mask,2025-12-27,572.22,295,1.94,4.99
1766831731700,1311,1089,6.90,3.21,42.53,42,3852.00,91.71,77,Juniper Hydrating Mask,2025-12-27,577.96,300,1.93,6.66
1766835331700,1192,1006,6.41,3.66,36.41,44,3934.04,89.41,74,Juniper Hydrating Mask,2025-12-27,521.95,278,1.88,7.54
1766838931700,1120,1059,7.64,3.02,46.40,34,3338.57,98.19,55,Juniper Hydrating Mask,2025-12-27,523.04,188,2.78,6.38
1766842531700,1000,803,5.45,2.30,48.34,23,1938.29,84.27,30,Juniper Hydrating Mask,2025-12-27,477.73,208,2.30,4.06
1766846131700,917,761,6.66,2.00,39.99,18,1683.57,93.53,23,Juniper Hydrating Mask,2025-12-27,530.24,277,1.91,3.18
1766849731700,848,692,4.06,1.70,33.84,14,1187.19,84.80,17,Juniper Hydrating Mask,2025-12-27,450.61,186,2.42,2.63
1766853331700,792,640,3.61,3.04,48.13,24,1996.97,83.21,32,Juniper Hydrating Mask,2025-12-27,517.63,227,2.28,3.86
1766856931700,810,651,5.65,2.58,39.49,21,1735.13,82.63,37,Juniper Hydrating Mask,2025-12-27,553.58,275,2.01,3.13
1766860531700,813,716,5.39,2.61,37.10,21,1813.93,86.38,37,Juniper Hydrating Mask,2025-12-27,492.68,214,2.30,3.68
1766864131700,829,772,5.45,2.32,36.20,19,1869.25,98.38,32,Juniper Hydrating Mask,2025-12-27,533.60,276,1.93,3.50
1766867731700,849,716,5.64,2.32,37.85,20,1632.40,81.62,34,Juniper Hydrating Mask,2025-12-27,466.19,202,2.31,3.50
1766871331700,934,804,5.42,3.09,45.10,29,2867.96,98.90,51,Juniper Hydrating Mask,2025-12-27,510.52,251,2.03,5.62
1766874931700,1001,928,4.05,2.68,36.98,27,2672.05,98.96,41,Juniper Hydrating Mask,2025-12-27,546.67,227,2.41,4.89
1766878531700,1096,880,5.61,3.42,47.69,38,3691.63,97.15,50,Juniper Hydrating Mask,2025-12-27,467.27,253,1.85,7.90
1766882131700,1209,975,5.83,2.88,49.66,35,3320.38,94.87,57,Juniper Hydrating Mask,2025-12-28,474.96,258,1.84,6.99
1766885731700,1340,1224,7.11,2.31,35.80,31,2594.12,83.68,50,Juniper Hydrating Mask,2025-12-28,504.59,219,2.30,5.14
1766889331700,1425,1154,8.63,2.22,41.25,32,2830.78,88.46,48,Juniper Hydrating Mask,2025-12-28,477.52,250,1.91,5.93
1766892931700,1496,1241,7.77,2.54,50.74,38,3252.60,85.59,63,Juniper Hydrating Mask,2025-12-28,501.30,233,2.15,6.49
1766896531700,1578,1494,7.56,3.20,48.16,51,4708.51,92.32,90,Juniper Hydrating Mask,2025-12-28,596.52,281,2.12,7.89
1766900131700,1631,1480,9.51,3.97,41.13,65,5693.55,87.59,89,Juniper Hydrating Mask,2025-12-28,530.98,225,2.36,10.72
1766903731700,1624,1491,9.70,3.57,44.95,58,5376.89,92.70,76,Juniper Hydrating Mask,2025-12-28,586.03,289,2.03,9.18
1766907331700,1610,1335,9.60,3.55,39.16,57,5065.06,88.86,78,Juniper Hydrating Mask,2025-12-28,565.07,279,2.03,8.96
1766910931700,1575,1425,9.02,3.83,38.18,60,4891.09,81.52,87,Juniper Hydrating Mask,2025-12-28,600.76,219,2.74,8.14
1766914531700,1525,1441,8.74,3.61,48.08,55,5309.12,96.53,73,Juniper Hydrating Mask,2025-12-28,554.47,199,2.79,9.58
1766918131700,1432,1261,7.35,2.86,43.05,41,3986.06,97.22,51,Juniper Hydrating Mask,2025-12-28,504.76,234,2.16,7.90
1766921731700,1337,1172,7.94,3.02,44.79,40,3940.71,98.52,71,Juniper Hydrating Mask,2025-12-28,517.74,243,2.13,7.61
1766925331700,1221,1027,5.30,3.02,49.59,37,3637.16,98.30,58,Juniper Hydrating Mask,2025-12-28,474.36,240,1.98,7.67
1766928931700,1102,926,7.42,1.94,46.17,21,1822.04,86.76,27,Juniper Hydrating Mask,2025-12-28,557.27,261,2.14,3.27
1766932531700,1004,871,4.16,2.44,35.74,25,2132.33,85.29,45,Juniper Hydrating Mask,2025-12-28,469.09,197,2.38,4.55
1766936131700,899,723,3.61,2.26,48.72,20,1687.39,84.37,30,Juniper Hydrating Mask,2025-12-28,470.60,165,2.85,3.59
1766939731700,871,806,4.27,1.51,41.63,13,1096.49,84.35,17,Juniper Hydrating Mask,2025-12-28,493.34,268,1.84,2.22
1766943331700,844,797,5.59,1.60,48.53,14,1274.49,91.04,23,Juniper Hydrating Mask,2025-12-28,473.62,192,2.47,2.69
1766946931700,824,664,4.63,1.31,36.08,11,897.60,81.60,14,Juniper Hydrating Mask,2025-12-28,518.59,175,2.96,1.73
1766950531700,839,759,5.26,1.59,42.26,13,1172.50,90.19,23,Juniper Hydrating Mask,2025-12-28,485.58,266,1.83,2.41
1766954131700,865,820,4.73,1.76,38.12,15,1388.65,92.58,26,Juniper Hydrating Mask,2025-12-28,462.32,210,2.20,3.00
1766957731700,948,889,6.25,1.81,38.28,17,1392.97,81.94,29,Juniper Hydrating Mask,2025-12-28,489.95,171,2.87,2.84
1766961331700,1027,950,4.67,2.45,36.47,25,2065.34,82.61,42,Juniper Hydrating Mask,2025-12-28,545.96,256,2.13,3.78
1766964931700,1144,987,7.16,2.08,42.35,24,2165.59,90.23,41,Juniper Hydrating Mask,2025-12-28,546.10,249,2.19,3.97
1766968531700,1223,1017,7.51,2.08,38.26,25,2160.90,86.44,45,Juniper Hydrating Mask,2025-12-29,573.47,249,2.30,3.77
1766972131700,1331,1172,8.32,3.16,46.20,42,3898.78,92.83,53,Juniper Hydrating Mask,2025-12-29,490.21,260,1.89,7.95
1766975731700,1451,1265,7.52,2.16,49.84,31,3050.97,98.42,47,Juniper Hydrating Mask,2025-12-29,506.53,251,2.02,6.02
1766979331700,1539,1357,7.91,3.67,41.55,56,5198.11,92.82,92,Juniper Hydrating Mask,2025-12-29,525.75,231,2.28,9.89
1766982931700,1588,1410,7.85,4.05,47.78,64,6022.68,94.10,107,Juniper Hydrating Mask,2025-12-29,483.24,227,2.13,12.46
1766986531700,1656,1486,9.50,3.91,46.63,65,6166.09,94.86,79,Juniper Hydrating Mask,2025-12-29,517.40,264,1.96,11.92
1766990131700,1649,1396,9.08,3.81,40.19,63,5654.96,89.76,113,Juniper Hydrating Mask,2025-12-29,561.57,252,2.23,10.07
1766993731700,1644,1422,9.19,3.81,48.31,63,5555.42,88.18,96,Juniper Hydrating Mask,2025-12-29,488.46,231,2.11,11.37
1766997331700,1625,1468,9.65,3.71,37.25,60,5632.41,93.87,107,Juniper Hydrating Mask,2025-12-29,562.42,264,2.13,10.01
1767000931700,1540,1281,7.63,2.51,36.82,39,3507.20,89.93,69,Juniper Hydrating Mask,2025-12-29,492.54,191,2.58,7.12
1767004531700,1442,1356,7.04,2.80,43.73,40,3530.25,88.26,55,Juniper Hydrating Mask,2025-12-29,580.97,316,1.84,6.08
1767008131700,1345,1158,7.44,2.93,35.91,39,3263.13,83.67,64,Juniper Hydrating Mask,2025-12-29,489.60,176,2.78,6.66
1767011731700,1250,1068,6.70,3.25,36.52,41,3361.66,81.99,61,Juniper Hydrating Mask,2025-12-29,571.52,239,2.39,5.88
1767015331700,1138,1064,4.56,2.24,45.95,25,2438.92,97.56,46,Juniper Hydrating Mask,2025-12-29,454.78,192,2.37,5.36
1767018931700,1035,844,4.30,1.88,48.80,19,1745.56,91.87,34,Juniper Hydrating Mask,2025-12-29,532.14,288,1.85,3.28
1767022531700,949,813,6.17,2.88,38.16,27,2197.38,81.38,40,Juniper Hydrating Mask,2025-12-29,515.54,265,1.95,4.26
1767026131700,881,793,5.92,2.21,37.06,19,1693.97,89.16,24,Juniper Hydrating Mask,2025-12-29,503.24,250,2.01,3.37
1767029731700,791,671,4.44,2.31,42.97,18,1488.05,82.67,34,Juniper Hydrating Mask,2025-12-29,535.49,273,1.96,2.78
1767033331700,746,662,5.48,2.16,36.83,16,1556.96,97.31,27,Juniper Hydrating Mask,2025-12-29,547.43,253,2.16,2.84
1767036931700,778,650,3.76,1.35,44.57,11,1062.05,96.55,16,Juniper Hydrating Mask,2025-12-29,513.86,274,1.88,2.07
1767040531700,822,667,4.90,1.35,40.79,11,1074.64,97.69,14,Juniper Hydrating Mask,2025-12-29,532.71,274,1.94,2.02
1767044131700,864,791,5.65,1.65,48.71,14,1311.31,93.67,23,Juniper Hydrating Mask,2025-12-29,522.16,176,2.97,2.51
1767047731700,961,887,5.92,2.02,36.22,19,1543.97,81.26,36,Juniper Hydrating Mask,2025-12-29,506.29,193,2.62,3.05
1767051331700,1067,991,7.26,3.34,47.17,36,3317.51,92.15,65,Juniper Hydrating Mask,2025-12-29,471.65,199,2.37,7.03
1767054931700,1180,1001,7.21,3.40,45.49,40,3537.65,88.44,62,Juniper Hydrating Mask,2025-12-30,527.96,187,2.82,6.70
1767058531700,1280,1153,8.44,3.20,44.66,41,3899.52,95.11,59,Juniper Hydrating Mask,2025-12-30,532.97,187,2.85,7.32
1767062131700,1370,1280,7.62,2.46,45.43,34,2978.33,87.60,42,Juniper Hydrating Mask,2025-12-30,568.98,215,2.65,5.23
1767065731700,1433,1327,7.68,3.95,43.97,57,5046.74,88.54,71,Juniper Hydrating Mask,2025-12-30,483.39,172,2.81,10.44
1767069331700,1529,1265,8.93,3.32,37.05,51,4158.54,81.54,85,Juniper Hydrating Mask,2025-12-30,599.57,259,2.31,6.94
1767072931700,1572,1410,8.78,2.91,47.40,46,4435.03,96.41,57,Juniper Hydrating Mask,2025-12-30,568.39,275,2.07,7.80
1767076531700,1580,1434,8.08,3.79,44.45,60,5557.98,92.63,98,Juniper Hydrating Mask,2025-12-30,543.25,278,1.95,10.23
1767080131700,1553,1254,8.67,3.53,42.19,55,5422.52,98.59,94,Juniper Hydrating Mask,2025-12-30,571.25,235,2.43,9.49
1767083731700,1516,1408,8.46,2.40,40.65,36,3493.62,97.04,58,Juniper Hydrating Mask,2025-12-30,579.02,270,2.14,6.03
1767087331700,1454,1349,8.71,2.58,40.40,37,3528.28,95.36,47,Juniper Hydrating Mask,2025-12-30,528.77,193,2.74,6.67
1767090931700,1363,1231,8.31,2.66,37.99,36,3080.06,85.56,65,Juniper Hydrating Mask,2025-12-30,510.72,269,1.90,6.03
1767094531700,1264,1184,7.37,2.62,37.19,33,2940.30,89.10,40,Juniper Hydrating Mask,2025-12-30,550.94,256,2.15,5.34
1767098131700,1161,990,7.22,2.78,38.84,32,2936.62,91.77,45,Juniper Hydrating Mask,2025-12-30,477.92,255,1.87,6.14
1767101731700,1056,905,5.31,2.05,45.69,22,2116.52,96.21,31,Juniper Hydrating Mask,2025-12-30,472.25,231,2.04,4.48
1767105331700,984,894,6.39,1.73,35.23,17,1507.60,88.68,23,Juniper Hydrating Mask,2025-12-30,506.29,179,2.83,2.98
1767108931700,891,729,3.68,2.58,41.76,23,2014.38,87.58,31,Juniper Hydrating Mask,2025-12-30,459.88,248,1.85,4.38
1767112531700,835,785,4.01,2.56,46.71,21,1913.52,91.12,34,Juniper Hydrating Mask,2025-12-30,457.42,247,1.85,4.18
1767116131700,699,654,5.42,1.99,34.23,14,1182.87,84.49,26,Juniper Hydrating Mask,2025-12-30,497.74,169,2.95,2.38
1767119731700,697,558,4.46,1.34,48.94,9,763.14,84.79,16,Juniper Hydrating Mask,2025-12-30,543.84,233,2.33,1.40
1767123331700,708,583,3.57,1.28,43.05,9,864.94,96.10,14,Juniper Hydrating Mask,2025-12-30,473.55,193,2.45,1.83
1767126931700,726,689,5.00,2.57,45.01,19,1818.53,95.71,31,Juniper Hydrating Mask,2025-12-30,491.12,245,2.00,3.70
1767130531700,804,708,3.93,2.96,34.32,24,2259.06,94.13,31,Juniper Hydrating Mask,2025-12-30,547.08,210,2.61,4.13
1767134131700,886,711,5.66,2.94,34.71,26,2463.73,94.76,37,Juniper Hydrating Mask,2025-12-30,548.18,290,1.89,4.49
1767137731700,950,816,5.73,1.76,45.69,17,1380.50,81.21,26,Juniper Hydrating Mask,2025-12-30,467.27,255,1.83,2.95
1767141331700,1052,913,6.74,2.20,45.66,23,2086.94,90.74,38,Juniper Hydrating Mask,2025-12-31,544.80,222,2.45,3.83
1767144931700,1158,1006,7.52,2.34,45.19,27,2492.00,92.30,35,Juniper Hydrating Mask,2025-12-31,541.31,289,1.87,4.60
1767148531700,1214,997,6.95,3.47,49.22,42,4030.24,95.96,76,Juniper Hydrating Mask,2025-12-31,527.51,187,2.82,7.64
1767152131700,1315,1110,7.87,3.35,44.06,44,3946.63,89.70,55,Juniper Hydrating Mask,2025-12-31,547.40,244,2.24,7.21
1767155731700,1375,1158,8.16,2.77,43.26,38,3612.17,95.06,47,Juniper Hydrating Mask,2025-12-31,580.93,319,1.82,6.22
1767159331700,1395,1197,7.81,2.86,45.82,40,3296.95,82.42,55,Juniper Hydrating Mask,2025-12-31,585.87,303,1.93,5.63
1767162931700,1399,1134,8.93,2.75,44.90,39,3401.74,87.22,74,Juniper Hydrating Mask,2025-12-31,589.15,268,2.20,5.77
1767166531700,1412,1141,7.57,3.70,39.01,52,4533.93,87.19,98,Juniper Hydrating Mask,2025-12-31,486.59,249,1.95,9.32
1767170131700,1366,1100,9.35,2.94,42.96,40,3697.59,92.44,53,Juniper Hydrating Mask,2025-12-31,571.62,299,1.91,6.47
1767173731700,1292,1108,9.00,3.84,44.11,50,4879.29,97.59,79,Juniper Hydrating Mask,2025-12-31,523.08,209,2.50,9.33
1767177331700,1251,1125,6.21,3.59,50.69,45,4217.95,93.73,57,Juniper Hydrating Mask,2025-12-31,513.05,267,1.92,8.22
1767180931700,1152,967,6.64,3.09,48.88,36,2963.61,82.32,47,Juniper Hydrating Mask,2025-12-31,508.18,219,2.32,5.83
1767184531700,1044,855,7.89,2.35,47.00,24,2221.42,92.56,29,Juniper Hydrating Mask,2025-12-31,572.27,256,2.24,3.88
1767188131700,953,812,5.40,2.52,48.98,24,2297.73,95.74,36,Juniper Hydrating Mask,2025-12-31,513.87,285,1.80,4.47
1767191731700,864,730,5.81,3.17,39.15,27,2302.66,85.28,42,Juniper Hydrating Mask,2025-12-31,505.57,250,2.02,4.55
1767195331700,799,748,3.95,2.81,41.57,22,2049.74,93.17,42,Juniper Hydrating Mask,2025-12-31,546.40,192,2.85,3.75
1767198931700,757,694,5.82,2.65,47.15,20,1807.54,90.38,25,Juniper Hydrating Mask,2025-12-31,488.05,245,1.99,3.70
1767202531700,649,554,4.75,1.64,36.16,11,896.00,81.45,21,Juniper Hydrating Mask,2025-12-31,452.46,165,2.74,1.98
1767206131700,661,593,5.11,1.69,40.11,11,1011.97,92.00,15,Juniper Hydrating Mask,2025-12-31,439.92,149,2.95,2.30
1767209731700,645,550,6.06,2.14,37.83,14,1236.80,88.34,24,Juniper Hydrating Mask,2025-12-31,437.67,205,2.13,2.83
1767213331700,700,576,5.50,2.47,36.81,17,1393.82,81.99,26,Juniper Hydrating Mask,2025-12-31,521.23,222,2.35,2.67
1767216931700,728,632,3.64,3.10,35.55,23,1969.89,85.65,28,Juniper Hydrating Mask,2025-12-31,529.63,268,1.98,3.72
1767220531700,806,699,4.43,2.11,42.17,17,1454.25,85.54,31,Juniper Hydrating Mask,2025-12-31,466.54,162,2.88,3.12
1767224131700,878,760,7.35,1.79,47.67,16,1550.68,96.92,25,Juniper Hydrating Mask,2025-12-31,572.36,193,2.97,2.71
1767227731700,968,821,7.05,3.54,48.04,34,2780.79,81.79,49,Juniper Hydrating Mask,2026-01-01,546.90,295,1.85,5.08
1767231331700,1078,890,6.67,2.06,36.49,22,1891.98,86.00,28,Juniper Hydrating Mask,2026-01-01,579.23,299,1.94,3.27
1767234931700,1157,1030,7.41,2.66,45.69,31,2975.84,95.99,41,Juniper Hydrating Mask,2026-01-01,564.95,238,2.37,5.27
1767238531700,1225,1119,6.47,2.58,45.48,32,3045.34,95.17,56,Juniper Hydrating Mask,2026-01-01,548.69,254,2.16,5.55
1767242131700,1271,1129,8.47,3.07,38.48,39,3724.40,95.50,59,Juniper Hydrating Mask,2026-01-01,591.01,299,1.98,6.30
1767245731700,1321,1170,8.63,2.65,45.41,35,2988.77,85.39,45,Juniper Hydrating Mask,2026-01-01,586.50,281,2.09,5.10
1767249331700,1331,1203,9.06,4.07,50.48,54,4833.67,89.51,70,Juniper Hydrating Mask,2026-01-01,584.28,217,2.69,8.27
1767252931700,1293,1115,7.33,2.86,47.35,37,3069.05,82.95,47,Juniper Hydrating Mask,2026-01-01,510.01,220,2.32,6.02
1767256531700,1292,1208,9.18,3.91,40.67,51,4754.90,93.23,75,Juniper Hydrating Mask,2026-01-01,497.89,208,2.39,9.55
1767260131700,1215,1056,7.50,2.48,44.75,30,2549.76,84.99,46,Juniper Hydrating Mask,2026-01-01,513.67,269,1.91,4.96
1767263731700,1168,1041,7.70,3.09,41.77,36,3560.47,98.90,60,Juniper Hydrating Mask,2026-01-01,523.08,289,1.81,6.81
1767267331700,1066,880,8.51,2.29,48.68,24,2207.57,91.98,38,Juniper Hydrating Mask,2026-01-01,484.27,205,2.36,4.56
1767270931700,1001,804,5.63,2.86,44.12,29,2750.41,94.84,54,Juniper Hydrating Mask,2026-01-01,493.57,241,2.05,5.57
1767274531700,895,752,6.44,2.09,36.08,19,1688.59,88.87,29,Juniper Hydrating Mask,2026-01-01,545.23,242,2.25,3.10
1767278131700,820,762,6.35,1.79,36.16,15,1352.70,90.18,20,Juniper Hydrating Mask,2026-01-01,548.55,233,2.35,2.47
1767281731700,758,691,5.84,2.37,46.29,18,1778.70,98.82,25,Juniper Hydrating Mask,2026-01-01,488.23,174,2.81,3.64
1767285331700,685,582,4.79,1.43,46.60,10,884.91,88.49,18,Juniper Hydrating Mask,2026-01-01,547.94,262,2.09,1.61
1767288931700,656,552,4.12,2.40,44.43,16,1551.95,97.00,26,Juniper Hydrating Mask,2026-01-01,485.15,238,2.04,3.20
1767292531700,642,556,4.27,1.38,40.82,9,792.81,88.09,13,Juniper Hydrating Mask,2026-01-01,492.55,167,2.95,1.61
1767296131700,656,601,4.02,1.72,33.59,11,1032.16,93.83,15,Juniper Hydrating Mask,2026-01-01,531.24,286,1.86,1.94
1767299731700,722,668,4.20,1.88,38.50,14,1200.88,85.78,23,Juniper Hydrating Mask,2026-01-01,451.89,156,2.90,2.66
1767303331700,773,729,6.32,2.13,40.86,16,1540.89,96.31,29,Juniper Hydrating Mask,2026-01-01,556.03,293,1.90,2.77
1767306931700,843,696,6.70,1.87,38.99,16,1409.84,88.11,20,Juniper Hydrating Mask,2026-01-01,463.88,244,1.90,3.04
1767310531700,921,833,6.26,2.08,46.74,19,1718.05,90.42,25,Juniper Hydrating Mask,2026-01-01,551.13,225,2.45,3.12
1767314131700,999,808,7.82,2.79,40.85,28,2702.66,96.52,52,Juniper Hydrating Mask,2026-01-02,503.36,190,2.65,5.37
1767317731700,1108,917,6.58,3.36,50.65,37,3627.56,98.04,55,Juniper Hydrating Mask,2026-01-02,503.11,240,2.10,7.21
1767321331700,1176,975,8.35,2.51,37.31,30,2534.03,84.47,53,Juniper Hydrating Mask,2026-01-02,511.91,206,2.49,4.95
1767324931700,1263,1025,8.47,4.01,36.88,51,4725.67,92.66,62,Juniper Hydrating Mask,2026-01-02,483.39,217,2.23,9.78
1767328531700,1315,1222,9.35,3.58,41.15,47,3942.45,83.88,70,Juniper Hydrating Mask,2026-01-02,599.38,272,2.20,6.58
1767332131700,1344,1217,9.18,4.13,40.72,55,4755.14,86.46,94,Juniper Hydrating Mask,2026-01-02,505.07,221,2.29,9.41
1767335731700,1370,1118,9.73,4.16,42.82,57,5112.99,89.70,108,Juniper Hydrating Mask,2026-01-02,533.56,237,2.25,9.58
1767339331700,1333,1211,9.92,2.80,52.42,37,3250.57,87.85,54,Juniper Hydrating Mask,2026-01-02,567.69,293,1.94,5.73
1767342931700,1304,1214,7.07,2.95,43.87,38,3466.91,91.23,66,Juniper Hydrating Mask,2026-01-02,481.86,266,1.81,7.19
1767346531700,1248,1005,6.98,3.19,49.45,40,3732.28,93.31,67,Juniper Hydrating Mask,2026-01-02,579.11,213,2.72,6.44
1767350131700,1193,996,6.32,2.69,36.44,32,2858.63,89.33,43,Juniper Hydrating Mask,2026-01-02,492.35,250,1.97,5.81
1767353731700,1085,964,6.22,3.59,38.71,39,3642.67,93.40,57,Juniper Hydrating Mask,2026-01-02,559.79,196,2.86,6.51
1767357331700,1004,897,6.52,3.28,39.34,33,3250.48,98.50,44,Juniper Hydrating Mask,2026-01-02,510.34,190,2.69,6.37
1767360931700,928,798,6.13,3.01,40.21,28,2279.14,81.40,49,Juniper Hydrating Mask,2026-01-02,569.65,195,2.92,4.00
1767364531700,847,752,6.48,2.71,37.23,23,2077.01,90.30,28,Juniper Hydrating Mask,2026-01-02,535.76,295,1.82,3.88
1767368131700,766,724,4.76,2.16,37.54,17,1435.83,84.46,26,Juniper Hydrating Mask,2026-01-02,496.81,253,1.96,2.89
1767371731700,712,654,5.14,2.59,46.67,18,1600.65,88.93,24,Juniper Hydrating Mask,2026-01-02,555.75,289,1.92,2.88
1767375331700,745,646,4.54,2.10,39.94,16,1548.79,96.80,26,Juniper Hydrating Mask,2026-01-02,553.97,202,2.74,2.80
1767378931700,716,652,3.75,1.40,43.05,10,896.97,89.70,13,Juniper Hydrating Mask,2026-01-02,544.47,292,1.86,1.65
1767382531700,738,634,4.59,2.18,41.24,16,1434.61,89.66,22,Juniper Hydrating Mask,2026-01-02,518.26,192,2.70,2.77
1767386131700,766,659,3.56,2.51,37.16,19,1842.75,96.99,34,Juniper Hydrating Mask,2026-01-02,487.65,238,2.05,3.78
1767389731700,841,691,5.27,2.70,37.54,23,2121.38,92.23,32,Juniper Hydrating Mask,2026-01-02,476.55,233,2.05,4.45
1767393331700,931,757,6.58,3.03,34.18,28,2488.95,88.89,35,Juniper Hydrating Mask,2026-01-02,500.55,247,2.03,4.97
1767396931700,1031,867,4.65,2.49,43.12,26,2445.92,94.07,36,Juniper Hydrating Mask,2026-01-02,465.45,243,1.92,5.25
1767400531700,1120,941,5.49,1.96,37.59,22,2091.34,95.06,36,Juniper Hydrating Mask,2026-01-03,506.49,239,2.12,4.13
1767404131700,1192,1042,6.18,2.06,35.63,25,2336.88,93.48,40,Juniper Hydrating Mask,2026-01-03,476.32,260,1.83,4.91
1767407731700,1308,1136,7.19,3.17,37.91,41,3706.16,90.39,56,Juniper Hydrating Mask,2026-01-03,559.11,309,1.81,6.63
1767411331700,1376,1275,8.85,3.01,50.62,41,3985.28,97.20,76,Juniper Hydrating Mask,2026-01-03,557.00,283,1.97,7.15
1767414931700,1445,1264,6.81,2.66,47.55,38,3392.77,89.28,58,Juniper Hydrating Mask,2026-01-03,529.72,222,2.39,6.40
1767418531700,1469,1183,8.16,3.13,47.66,46,4198.24,91.27,59,Juniper Hydrating Mask,2026-01-03,498.42,245,2.03,8.42
1767422131700,1487,1381,9.80,2.48,42.88,37,3494.37,94.44,58,Juniper Hydrating Mask,2026-01-03,596.26,271,2.20,5.86
1767425731700,1473,1212,9.72,2.47,38.62,36,3007.80,83.55,53,Juniper Hydrating Mask,2026-01-03,574.22,243,2.36,5.24
1767429331700,1446,1274,8.27,3.07,43.22,44,4148.77,94.29,67,Juniper Hydrating Mask,2026-01-03,542.19,203,2.67,7.65
1767432931700,1377,1306,8.37,3.11,40.62,43,3985.02,92.67,78,Juniper Hydrating Mask,2026-01-03,573.77,252,2.28,6.95
1767436531700,1316,1214,8.20,3.72,37.25,49,4367.48,89.13,59,Juniper Hydrating Mask,2026-01-03,539.94,287,1.88,8.09
1767440131700,1221,1157,7.47,3.25,48.68,40,3855.51,96.39,66,Juniper Hydrating Mask,2026-01-03,574.59,296,1.94,6.71
1767443731700,1110,951,7.80,3.06,48.57,34,3256.78,95.79,46,Juniper Hydrating Mask,2026-01-03,571.50,194,2.95,5.70
1767447331700,1029,886,5.86,2.18,49.54,22,1789.50,81.34,27,Juniper Hydrating Mask,2026-01-03,510.72,184,2.78,3.50
1767450931700,923,834,6.76,1.83,44.73,17,1618.34,95.20,32,Juniper Hydrating Mask,2026-01-03,566.69,236,2.40,2.86
1767454531700,856,714,5.78,1.50,37.17,13,1213.25,93.33,18,Juniper Hydrating Mask,2026-01-03,542.18,226,2.40,2.24
1767458131700,771,626,5.35,2.99,34.94,23,1926.80,83.77,31,Juniper Hydrating Mask,2026-01-03,546.74,274,2.00,3.52
1767461731700,825,758,3.07,1.34,47.38,11,1011.91,91.99,14,Juniper Hydrating Mask,2026-01-03,489.86,262,1.87,2.07
1767465331700,784,681,5.22,2.57,35.25,20,1743.62,87.18,24,Juniper Hydrating Mask,2026-01-03,443.20,187,2.37,3.93
1767468931700,813,700,4.49,1.90,38.39,15,1330.58,88.71,21,Juniper Hydrating Mask,2026-01-03,482.44,217,2.22,2.76
1767472531700,861,769,4.03,1.51,33.87,13,1252.67,96.36,16,Juniper Hydrating Mask,2026-01-03,511.76,282,1.81,2.45
1767476131700,897,752,5.57,1.87,48.54,17,1576.85,92.76,31,Juniper Hydrating Mask,2026-01-03,464.15,244,1.90,3.40
1767479731700,994,931,6.02,2.58,40.92,26,2339.32,89.97,31,Juniper Hydrating Mask,2026-01-03,560.12,291,1.92,4.18
1767483331700,1103,999,5.43,2.43,47.97,27,2530.04,93.71,43,Juniper Hydrating Mask,2026-01-03,491.78,251,1.96,5.14
1767486931700,1219,1126,5.67,1.90,49.25,23,1904.32,82.80,40,Juniper Hydrating Mask,2026-01-04,510.47,261,1.96,3.73
1767490531700,1308,1183,7.28,3.26,38.37,43,3896.08,90.61,74,Juniper Hydrating Mask,2026-01-04,553.98,186,2.98,7.03
1767494131700,1403,1232,6.96,2.82,49.56,40,3432.02,85.80,54,Juniper Hydrating Mask,2026-01-04,560.09,211,2.65,6.13
1767497731700,1525,1288,7.33,3.79,41.22,58,5720.15,98.62,104,Juniper Hydrating Mask,2026-01-04,541.91,232,2.34,10.56
1767501331700,1569,1378,7.92,2.43,42.44,38,3463.53,91.15,51,Juniper Hydrating Mask,2026-01-04,542.64,208,2.61,6.38
1767504931700,1623,1505,8.81,2.77,49.65,45,3854.19,85.65,73,Juniper Hydrating Mask,2026-01-04,516.88,178,2.90,7.46
1767508531700,1626,1414,9.30,2.59,40.14,42,3475.21,82.74,76,Juniper Hydrating Mask,2026-01-04,546.10,259,2.11,6.36
1767512131700,1604,1485,7.08,3.42,43.64,55,5267.71,95.78,68,Juniper Hydrating Mask,2026-01-04,505.59,250,2.02,10.42
1767515731700,1564,1361,7.77,3.86,48.51,60,5696.34,94.94,82,Juniper Hydrating Mask,2026-01-04,540.23,255,2.12,10.54
1767519331700,1526,1329,7.76,4.00,46.71,61,5814.16,95.31,111,Juniper Hydrating Mask,2026-01-04,595.44,262,2.27,9.76
1767522931700,1407,1160,6.41,3.71,47.29,52,4235.13,81.44,72,Juniper Hydrating Mask,2026-01-04,583.74,246,2.37,7.26
1767526531700,1333,1224,7.83,2.01,39.85,27,2519.22,93.30,43,Juniper Hydrating Mask,2026-01-04,563.86,257,2.19,4.47
1767530131700,1192,1064,6.23,3.53,42.41,42,4046.60,96.35,61,Juniper Hydrating Mask,2026-01-04,505.66,171,2.96,8.00
1767533731700,1118,997,5.35,3.25,43.08,36,3480.02,96.67,53,Juniper Hydrating Mask,2026-01-04,548.03,203,2.70,6.35
1767537331700,1002,843,5.58,2.14,42.46,21,1782.92,84.90,35,Juniper Hydrating Mask,2026-01-04,477.98,253,1.89,3.73
1767540931700,917,825,4.99,1.50,35.25,14,1265.92,90.42,22,Juniper Hydrating Mask,2026-01-04,443.30,158,2.81,2.86
1767544531700,866,716,5.37,1.73,44.08,15,1263.15,84.21,23,Juniper Hydrating Mask,2026-01-04,446.51,180,2.48,2.83
1767548131700,821,687,3.50,2.97,40.37,24,2080.26,86.68,41,Juniper Hydrating Mask,2026-01-04,527.34,266,1.98,3.94
1767551731700,813,658,5.49,1.68,33.86,14,1333.35,95.24,20,Juniper Hydrating Mask,2026-01-04,457.46,199,2.30,2.91
1767555331700,830,702,3.82,2.56,35.09,21,1758.49,83.74,39,Juniper Hydrating Mask,2026-01-04,471.46,159,2.97,3.73
1767558931700,874,796,5.22,1.65,36.76,14,1344.21,96.02,18,Juniper Hydrating Mask,2026-01-04,554.14,222,2.50,2.43
1767562531700,940,789,4.59,2.72,49.21,26,2263.93,87.07,43,Juniper Hydrating Mask,2026-01-04,457.38,205,2.23,4.95
1767566131700,1038,834,6.57,2.30,37.00,24,2002.05,83.42,44,Juniper Hydrating Mask,2026-01-04,555.92,278,2.00,3.60
1767569731700,1129,922,7.33,3.05,48.94,34,3349.59,98.52,47,Juniper Hydrating Mask,2026-01-04,494.55,194,2.55,6.77
1767573331700,1224,1051,5.26,2.17,50.97,27,2371.98,87.85,40,Juniper Hydrating Mask,2026-01-05,559.29,193,2.90,4.24
1767576931700,1333,1115,6.16,1.96,48.64,26,2252.13,86.62,46,Juniper Hydrating Mask,2026-01-05,480.68,237,2.03,4.69
1767580531700,1451,1213,8.33,3.21,39.48,47,4511.79,96.00,67,Juniper Hydrating Mask,2026-01-05,501.57,186,2.70,9.00
1767584131700,1539,1422,7.83,2.29,49.10,35,3066.56,87.62,62,Juniper Hydrating Mask,2026-01-05,512.29,185,2.77,5.99
1767587731700,1588,1365,6.99,3.61,45.67,57,4747.22,83.28,84,Juniper Hydrating Mask,2026-01-05,551.26,200,2.76,8.61
1767591331700,1643,1533,9.26,3.92,46.38,64,6265.66,97.90,82,Juniper Hydrating Mask,2026-01-05,573.23,220,2.61,10.93
1767594931700,1662,1567,9.76,3.86,50.82,64,6131.67,95.81,100,Juniper Hydrating Mask,2026-01-05,576.65,206,2.80,10.63
1767598531700,1661,1480,9.54,3.42,42.80,57,4992.59,87.59,97,Juniper Hydrating Mask,2026-01-05,493.44,195,2.53,10.12
1767602131700,1596,1348,6.96,3.16,43.91,50,4897.57,97.95,94,Juniper Hydrating Mask,2026-01-05,549.68,258,2.13,8.91
1767605731700,1522,1230,7.14,2.86,52.05,44,4347.11,98.80,69,Juniper Hydrating Mask,2026-01-05,554.39,255,2.17,7.84
1767609331700,1455,1254,6.20,3.51,46.41,51,4282.45,83.97,64,Juniper Hydrating Mask,2026-01-05,511.68,209,2.45,8.37
1767612931700,1334,1215,6.33,2.83,45.29,38,3266.38,85.96,48,Juniper Hydrating Mask,2026-01-05,525.67,279,1.88,6.21
1767616531700,1257,1191,7.96,3.21,49.61,40,3521.44,88.04,65,Juniper Hydrating Mask,2026-01-05,518.11,234,2.21,6.80
1767620131700,1125,931,6.97,1.99,45.85,22,2133.79,96.99,33,Juniper Hydrating Mask,2026-01-05,565.57,306,1.85,3.77
1767623731700,1006,895,4.97,2.75,37.62,28,2412.19,86.15,41,Juniper Hydrating Mask,2026-01-05,522.31,179,2.92,4.62
1767627331700,954,885,5.67,1.54,40.26,15,1295.37,86.36,27,Juniper Hydrating Mask,2026-01-05,547.30,197,2.78,2.37
1767630931700,867,711,3.78,2.28,41.78,20,1833.41,91.67,36,Juniper Hydrating Mask,2026-01-05,501.56,265,1.89,3.66
1767634531700,759,669,3.13,1.38,47.43,11,926.24,84.20,16,Juniper Hydrating Mask,2026-01-05,512.62,274,1.87,1.81
1767638131700,771,717,4.29,1.98,48.10,15,1304.09,86.94,19,Juniper Hydrating Mask,2026-01-05,502.69,232,2.17,2.59
1767641731700,792,738,3.30,1.94,35.28,15,1357.75,90.52,19,Juniper Hydrating Mask,2026-01-05,526.25,223,2.36,2.58
1767645331700,829,738,5.13,2.72,40.21,23,2116.73,92.03,31,Juniper Hydrating Mask,2026-01-05,544.17,255,2.13,3.89
1767648931700,884,767,3.89,1.57,33.72,14,1255.79,89.70,18,Juniper Hydrating Mask,2026-01-05,488.59,187,2.61,2.57
1767652531700,955,850,5.76,2.57,46.68,25,2351.16,94.05,36,Juniper Hydrating Mask,2026-01-05,554.53,242,2.29,4.24
1767656131700,1071,1008,6.79,3.21,36.92,34,3236.85,95.20,60,Juniper Hydrating Mask,2026-01-05,512.03,208,2.46,6.32
1767659731700,1187,1022,7.68,2.35,44.47,28,2288.01,81.71,38,Juniper Hydrating Mask,2026-01-06,468.79,207,2.26,4.88
1767663331700,1283,1196,6.49,2.09,41.35,27,2214.60,82.02,46,Juniper Hydrating Mask,2026-01-06,528.80,183,2.89,4.19
1767666931700,1379,1267,6.55,2.14,39.31,30,2492.80,83.09,39,Juniper Hydrating Mask,2026-01-06,579.53,228,2.54,4.30
1767670531700,1445,1180,8.50,3.62,41.42,52,4509.91,86.73,84,Juniper Hydrating Mask,2026-01-06,583.86,320,1.82,7.72
1767674131700,1495,1373,9.49,3.26,45.38,49,4651.61,94.93,81,Juniper Hydrating Mask,2026-01-06,525.22,219,2.40,8.86
1767677731700,1537,1424,7.43,3.31,46.73,51,4841.29,94.93,68,Juniper Hydrating Mask,2026-01-06,572.33,296,1.93,8.46
1767681331700,1549,1344,9.21,3.85,43.24,60,5563.98,92.73,83,Juniper Hydrating Mask,2026-01-06,592.79,249,2.38,9.39
1767684931700,1569,1377,6.99,4.03,47.84,63,5188.03,82.35,117,Juniper Hydrating Mask,2026-01-06,592.72,224,2.65,8.75
1767688531700,1533,1395,8.17,3.64,50.37,56,5393.68,96.32,74,Juniper Hydrating Mask,2026-01-06,506.27,259,1.95,10.65
1767692131700,1438,1234,8.09,3.07,36.58,44,4160.06,94.55,68,Juniper Hydrating Mask,2026-01-06,562.69,294,1.91,7.39
1767695731700,1350,1137,6.95,2.37,43.94,32,2912.71,91.02,43,Juniper Hydrating Mask,2026-01-06,510.95,280,1.82,5.70
1767699331700,1289,1162,6.64,2.68,45.89,35,2840.11,81.15,64,Juniper Hydrating Mask,2026-01-06,512.32,171,3.00,5.54
1767702931700,1160,962,5.78,2.54,39.36,29,2699.35,93.08,52,Juniper Hydrating Mask,2026-01-06,500.27,202,2.48,5.40
1767706531700,1057,855,7.17,2.43,40.00,26,2350.76,90.41,33,Juniper Hydrating Mask,2026-01-06,569.00,190,2.99,4.13
1767710131700,966,805,4.29,3.26,39.12,31,2842.94,91.71,40,Juniper Hydrating Mask,2026-01-06,534.78,246,2.17,5.32
1767713731700,873,815,3.74,3.01,49.58,26,2416.22,92.93,45,Juniper Hydrating Mask,2026-01-06,552.05,284,1.94,4.38
1767717331700,808,702,5.48,2.02,42.48,16,1444.51,90.28,21,Juniper Hydrating Mask,2026-01-06,505.46,271,1.87,2.86
1767720931700,723,589,5.32,1.24,33.18,9,811.26,90.14,16,Juniper Hydrating Mask,2026-01-06,486.41,223,2.18,1.67
1767724531700,696,616,5.53,1.84,48.42,13,1200.38,92.34,24,Juniper Hydrating Mask,2026-01-06,450.66,223,2.02,2.66
1767728131700,724,683,3.52,1.62,46.27,12,1159.72,96.64,18,Juniper Hydrating Mask,2026-01-06,534.50,242,2.21,2.17
1767731731700,749,708,6.14,2.90,46.20,22,2127.01,96.68,41,Juniper Hydrating Mask,2026-01-06,468.95,255,1.84,4.54
1767735331700,782,740,6.49,1.85,46.85,14,1320.51,94.32,19,Juniper Hydrating Mask,2026-01-06,457.87,158,2.90,2.88
1767738931700,859,765,5.02,3.03,42.88,26,2492.01,95.85,41,Juniper Hydrating Mask,2026-01-06,505.11,212,2.38,4.93
1767742531700,966,865,6.93,2.65,40.37,26,2433.15,93.58,36,Juniper Hydrating Mask,2026-01-06,518.83,178,2.91,4.69
1767746131700,1061,975,5.43,3.14,39.48,33,3088.42,93.59,58,Juniper Hydrating Mask,2026-01-07,578.70,309,1.87,5.34
1767749731700,1159,1091,7.96,2.81,42.34,33,2698.70,81.78,54,Juniper Hydrating Mask,2026-01-07,504.78,199,2.54,5.35
1767753331700,1248,1051,7.24,3.14,45.26,39,3353.91,86.00,66,Juniper Hydrating Mask,2026-01-07,558.24,224,2.49,6.01
1767756931700,1294,1076,6.42,3.27,38.42,42,4134.00,98.43,74,Juniper Hydrating Mask,2026-01-07,572.44,317,1.81,7.22
1767760531700,1375,1197,8.11,3.87,48.03,53,4556.33,85.97,78,Juniper Hydrating Mask,2026-01-07,523.63,192,2.73,8.70
1767764131700,1395,1288,9.34,3.00,46.15,42,3444.93,82.02,65,Juniper Hydrating Mask,2026-01-07,595.37,285,2.09,5.79
1767767731700,1400,1148,8.04,2.99,38.00,42,3553.18,84.60,67,Juniper Hydrating Mask,2026-01-07,530.46,287,1.85,6.70
1767771331700,1406,1328,7.27,4.12,52.00,58,5565.70,95.96,78,Juniper Hydrating Mask,2026-01-07,511.61,174,2.94,10.88
1767774931700,1355,1160,9.41,2.46,48.16,33,3169.02,96.03,61,Juniper Hydrating Mask,2026-01-07,558.98,276,2.03,5.67
1767778531700,1322,1109,7.47,2.82,43.68,37,3398.24,91.84,52,Juniper Hydrating Mask,2026-01-07,524.25,178,2.95,6.48
1767782131700,1253,1069,7.93,2.48,48.09,31,2717.97,87.68,39,Juniper Hydrating Mask,2026-01-07,528.34,208,2.54,5.14
1767785731700,1154,923,7.35,2.72,38.84,31,2817.55,90.89,57,Juniper Hydrating Mask,2026-01-07,469.02,253,1.85,6.01
1767789331700,1055,886,6.53,2.10,42.06,22,2138.63,97.21,29,Juniper Hydrating Mask,2026-01-07,532.36,184,2.89,4.02
1767792931700,969,872,6.98,1.71,39.46,17,1608.76,94.63,24,Juniper Hydrating Mask,2026-01-07,486.70,216,2.25,3.31
1767796531700,854,756,5.37,2.30,44.95,20,1747.63,87.38,30,Juniper Hydrating Mask,2026-01-07,461.86,207,2.23,3.78
1767800131700,797,722,5.36,2.39,43.87,19,1776.56,93.50,36,Juniper Hydrating Mask,2026-01-07,527.66,186,2.84,3.37
1767803731700,729,649,3.89,1.66,34.09,12,1173.18,97.77,16,Juniper Hydrating Mask,2026-01-07,471.55,231,2.04,2.49
1767807331700,637,564,5.80,2.84,46.33,18,1501.23,83.40,33,Juniper Hydrating Mask,2026-01-07,508.52,203,2.51,2.95
1767810931700,653,584,5.69,2.01,33.58,13,1222.65,94.05,24,Juniper Hydrating Mask,2026-01-07,530.41,202,2.63,2.31
1767814531700,638,594,6.03,1.69,45.13,11,1026.28,93.30,20,Juniper Hydrating Mask,2026-01-07,462.38,217,2.13,2.22
1767818131700,693,636,4.37,2.13,35.25,15,1361.46,90.76,20,Juniper Hydrating Mask,2026-01-07,445.73,149,2.99,3.05
1767821731700,736,688,6.07,2.50,35.99,18,1525.03,84.72,33,Juniper Hydrating Mask,2026-01-07,447.75,155,2.89,3.41
1767825331700,823,674,4.52,3.00,36.53,25,2055.18,82.21,36,Juniper Hydrating Mask,2026-01-07,460.50,186,2.48,4.46
1767828931700,904,832,5.02,3.34,46.31,30,2672.13,89.07,36,Juniper Hydrating Mask,2026-01-07,537.12,283,1.90,4.97
1767832531700,984,792,7.58,2.34,45.34,23,2190.68,95.25,43,Juniper Hydrating Mask,2026-01-08,553.39,189,2.93,3.96
1767836131700,1084,869,7.15,3.07,42.16,33,2789.91,84.54,47,Juniper Hydrating Mask,2026-01-08,559.09,205,2.73,4.99
1767839731700,1154,1049,7.22,2.79,45.82,32,3017.44,94.29,56,Juniper Hydrating Mask,2026-01-08,504.98,261,1.93,5.98
1767843331700,1206,1034,8.65,3.07,44.83,37,3140.14,84.87,62,Juniper Hydrating Mask,2026-01-08,535.95,179,2.99,5.86
1767846931700,1268,1054,9.31,2.67,48.92,34,3056.74,89.90,52,Juniper Hydrating Mask,2026-01-08,564.44,199,2.84,5.42
1767850531700,1298,1083,8.22,3.26,50.46,42,4024.71,95.83,67,Juniper Hydrating Mask,2026-01-08,491.99,238,2.07,8.18
1767854131700,1335,1087,8.36,4.08,48.43,54,4928.37,91.27,66,Juniper Hydrating Mask,2026-01-08,509.64,211,2.42,9.67
1767857731700,1301,1183,7.47,3.66,49.85,48,4622.96,96.31,77,Juniper Hydrating Mask,2026-01-08,488.64,176,2.78,9.46
1767861331700,1267,1174,7.44,2.91,39.34,37,3622.49,97.91,55,Juniper Hydrating Mask,2026-01-08,516.33,231,2.24,7.02
1767864931700,1221,1142,8.32,2.54,47.72,31,2517.77,81.22,52,Juniper Hydrating Mask,2026-01-08,511.39,172,2.97,4.92
1767868531700,1149,1054,6.02,2.41,43.56,28,2735.19,97.69,44,Juniper Hydrating Mask,2026-01-08,539.95,243,2.22,5.07
1767872131700,1079,970,6.79,3.25,45.35,35,3432.28,98.07,65,Juniper Hydrating Mask,2026-01-08,475.29,235,2.02,7.22
1767875731700,981,826,6.18,1.87,36.71,18,1771.68,98.43,34,Juniper Hydrating Mask,2026-01-08,481.22,176,2.73,3.68
1767879331700,907,805,7.25,2.77,50.35,25,2096.33,83.85,32,Juniper Hydrating Mask,2026-01-08,550.16,217,2.54,3.81
1767882931700,802,650,5.84,2.23,47.64,18,1615.80,89.77,33,Juniper Hydrating Mask,2026-01-08,495.69,214,2.32,3.26
1767886531700,727,651,5.76,1.94,34.45,14,1189.94,85.00,23,Juniper Hydrating Mask,2026-01-08,483.02,239,2.02,2.46
1767890131700,709,662,3.75,2.97,43.07,21,1805.01,85.95,30,Juniper Hydrating Mask,2026-01-08,462.86,206,2.25,3.90
1767893731700,659,574,4.55,2.89,38.42,19,1752.52,92.24,26,Juniper Hydrating Mask,2026-01-08,490.16,259,1.89,3.58
1767897331700,672,614,5.33,1.50,47.21,10,872.32,87.23,18,Juniper Hydrating Mask,2026-01-08,534.01,251,2.13,1.63
1767900931700,660,611,4.93,2.63,37.23,17,1527.01,89.82,24,Juniper Hydrating Mask,2026-01-08,555.16,201,2.76,2.75
1767904531700,702,654,6.22,2.98,37.50,21,1782.57,84.88,38,Juniper Hydrating Mask,2026-01-08,449.95,213,2.11,3.96
1767908131700,771,632,4.46,1.83,43.80,14,1360.87,97.20,23,Juniper Hydrating Mask,2026-01-08,480.40,177,2.71,2.83
1767911731700,817,668,5.89,1.94,47.45,16,1582.88,98.93,23,Juniper Hydrating Mask,2026-01-08,544.98,196,2.78,2.90
1767915331700,902,854,6.00,2.60,39.92,23,2208.99,96.04,42,Juniper Hydrating Mask,2026-01-08,569.51,231,2.47,3.88
1767918931700,992,844,6.84,2.19,36.23,22,1944.49,88.39,28,Juniper Hydrating Mask,2026-01-09,467.40,189,2.47,4.16
1767922531700,1098,945,6.81,2.31,51.37,25,2158.00,86.32,47,Juniper Hydrating Mask,2026-01-09,492.88,208,2.37,4.38
1767926131700,1187,1039,6.41,2.96,36.37,35,3024.30,86.41,64,Juniper Hydrating Mask,2026-01-09,518.21,197,2.63,5.84
1767929731700,1266,1199,9.27,3.67,37.14,46,3851.79,83.73,86,Juniper Hydrating Mask,2026-01-09,590.32,293,2.01,6.52
1767933331700,1296,1043,9.51,3.49,46.38,45,4247.76,94.39,72,Juniper Hydrating Mask,2026-01-09,596.36,233,2.56,7.12
1767936931700,1322,1133,7.51,2.67,49.16,35,3378.27,96.52,46,Juniper Hydrating Mask,2026-01-09,504.50,209,2.41,6.70
1767940531700,1358,1269,7.92,3.95,51.64,54,4554.96,84.35,69,Juniper Hydrating Mask,2026-01-09,604.12,281,2.15,7.54
1767944131700,1331,1150,9.55,3.74,42.62,50,4639.91,92.80,81,Juniper Hydrating Mask,2026-01-09,567.80,229,2.48,8.17
1767947731700,1308,1190,7.65,3.81,40.32,50,4184.42,83.69,93,Juniper Hydrating Mask,2026-01-09,562.14,248,2.27,7.44
1767951331700,1243,1123,9.00,4.01,36.84,50,4746.24,94.92,61,Juniper Hydrating Mask,2026-01-09,595.41,208,2.86,7.97
1767954931700,1165,1035,8.33,2.68,42.43,31,2724.18,87.88,46,Juniper Hydrating Mask,2026-01-09,503.16,255,1.97,5.41
1767958531700,1086,948,5.53,3.45,39.26,37,3310.10,89.46,59,Juniper Hydrating Mask,2026-01-09,578.71,253,2.29,5.72
1767962131700,988,855,5.56,2.32,43.67,23,2189.32,95.19,40,Juniper Hydrating Mask,2026-01-09,579.14,237,2.44,3.78
1767965731700,917,757,5.28,2.04,40.93,19,1783.60,93.87,30,Juniper Hydrating Mask,2026-01-09,557.36,225,2.48,3.20
1767969331700,828,767,4.00,1.94,48.73,16,1550.64,96.91,28,Juniper Hydrating Mask,2026-01-09,458.14,235,1.95,3.38
1767972931700,759,609,5.34,2.87,34.74,22,1798.29,81.74,41,Juniper Hydrating Mask,2026-01-09,482.39,233,2.07,3.73
1767976531700,721,615,4.05,2.79,47.33,20,1894.11,94.71,36,Juniper Hydrating Mask,2026-01-09,490.10,242,2.03,3.86
1767980131700,725,636,3.73,2.58,46.18,19,1875.89,98.73,27,Juniper Hydrating Mask,2026-01-09,458.63,163,2.81,4.09
1767983731700,735,637,3.38,1.97,37.42,14,1180.27,84.30,26,Juniper Hydrating Mask,2026-01-09,448.13,160,2.80,2.63
1767987331700,754,691,5.82,2.97,33.29,22,1970.30,89.56,35,Juniper Hydrating Mask,2026-01-09,476.53,164,2.91,4.13
1767990931700,795,681,5.97,2.34,37.16,19,1710.11,90.01,28,Juniper Hydrating Mask,2026-01-09,456.91,171,2.67,3.74
1767994531700,824,688,4.62,2.47,43.98,20,1622.46,81.12,25,Juniper Hydrating Mask,2026-01-09,522.21,239,2.18,3.11
1767998131700,922,812,6.75,3.09,38.54,29,2443.54,84.26,43,Juniper Hydrating Mask,2026-01-09,485.50,180,2.70,5.03
1768001731700,995,865,7.00,3.42,41.97,34,3036.71,89.32,56,Juniper Hydrating Mask,2026-01-09,500.90,238,2.10,6.06
1768005331700,1123,924,6.59,3.14,47.11,35,2922.71,83.51,61,Juniper Hydrating Mask,2026-01-10,578.54,263,2.20,5.05
1768008931700,1201,990,5.69,2.84,39.39,34,3352.38,98.60,54,Juniper Hydrating Mask,2026-01-10,576.67,308,1.87,5.81
1768012531700,1289,1161,7.06,2.43,45.72,31,2655.05,85.65,44,Juniper Hydrating Mask,2026-01-10,517.18,206,2.51,5.13
1768016131700,1379,1206,8.05,3.26,47.14,45,4211.26,93.58,81,Juniper Hydrating Mask,2026-01-10,566.58,204,2.78,7.43
1768019731700,1440,1154,8.68,3.95,48.77,57,5071.38,88.97,69,Juniper Hydrating Mask,2026-01-10,591.20,312,1.89,8.58
1768023331700,1472,1307,7.59,3.74,49.14,55,4746.71,86.30,69,Juniper Hydrating Mask,2026-01-10,496.08,227,2.19,9.57
1768026931700,1511,1231,9.26,3.38,39.94,51,4739.43,92.93,94,Juniper Hydrating Mask,2026-01-10,502.26,268,1.87,9.44
1768030531700,1488,1218,7.28,2.48,49.38,37,3184.24,86.06,63,Juniper Hydrating Mask,2026-01-10,538.74,241,2.24,5.91
1768034131700,1424,1326,8.86,3.28,43.31,47,4443.99,94.55,83,Juniper Hydrating Mask,2026-01-10,583.10,238,2.45,7.62
1768037731700,1362,1256,6.62,2.95,50.97,40,3487.75,87.19,55,Juniper Hydrating Mask,2026-01-10,549.72,224,2.45,6.34
1768041331700,1283,1032,7.88,2.34,44.32,30,2821.86,94.06,41,Juniper Hydrating Mask,2026-01-10,486.28,206,2.36,5.80
1768044931700,1214,1152,8.00,2.49,47.43,30,2651.22,88.37,56,Juniper Hydrating Mask,2026-01-10,545.01,266,2.05,4.86
1768048531700,1115,1031,7.43,1.89,38.88,21,1859.85,88.56,30,Juniper Hydrating Mask,2026-01-10,496.61,258,1.92,3.75
1768052131700,1008,912,6.07,1.83,49.30,18,1665.25,92.51,30,Juniper Hydrating Mask,2026-01-10,551.07,244,2.26,3.02
1768055731700,926,797,4.19,2.17,46.20,20,1822.95,91.15,29,Juniper Hydrating Mask,2026-01-10,543.89,239,2.28,3.35
1768059331700,829,688,4.61,1.83,46.50,15,1259.92,83.99,21,Juniper Hydrating Mask,2026-01-10,504.97,217,2.33,2.50
1768062931700,788,650,5.07,2.44,45.96,19,1813.84,95.47,36,Juniper Hydrating Mask,2026-01-10,459.29,161,2.85,3.95
1768066531700,807,675,4.19,2.39,34.20,19,1548.82,81.52,31,Juniper Hydrating Mask,2026-01-10,520.89,180,2.89,2.97
1768070131700,792,636,5.66,1.66,43.81,13,1247.52,95.96,23,Juniper Hydrating Mask,2026-01-10,531.92,205,2.59,2.35
1768073731700,810,707,3.51,2.23,42.93,18,1484.01,82.45,31,Juniper Hydrating Mask,2026-01-10,448.06,242,1.85,3.31
1768077331700,840,709,5.66,2.53,46.80,21,1991.49,94.83,38,Juniper Hydrating Mask,2026-01-10,494.75,213,2.32,4.03
1768080931700,908,804,5.67,2.73,45.54,25,2238.87,89.55,38,Juniper Hydrating Mask,2026-01-10,542.24,265,2.05,4.13
1768084531700,1011,858,4.22,2.60,47.57,26,2201.97,84.69,43,Juniper Hydrating Mask,2026-01-10,554.39,193,2.87,3.97
1768088131700,1118,959,7.14,2.45,40.25,27,2637.36,97.68,40,Juniper Hydrating Mask,2026-01-10,477.10,224,2.13,5.53
1768091731700,1202,977,6.47,1.97,46.46,24,2329.67,97.07,43,Juniper Hydrating Mask,2026-01-11,491.37,259,1.90,4.74
1768095331700,1339,1231,6.44,3.44,39.56,46,4247.42,92.34,56,Juniper Hydrating Mask,2026-01-11,542.86,227,2.39,7.82
1768098931700,1408,1247,8.22,3.89,51.47,55,4591.12,83.47,87,Juniper Hydrating Mask,2026-01-11,566.10,258,2.19,8.11
1768102531700,1519,1262,8.39,3.83,44.04,58,4923.51,84.89,105,Juniper Hydrating Mask,2026-01-11,492.08,270,1.82,10.01
1768106131700,1564,1413,8.95,3.89,40.63,61,5881.35,96.42,103,Juniper Hydrating Mask,2026-01-11,600.06,209,2.87,9.80
1768109731700,1632,1371,7.74,2.56,45.87,42,3989.82,95.00,53,Juniper Hydrating Mask,2026-01-11,491.81,186,2.64,8.11
1768113331700,1610,1307,9.18,3.93,48.12,63,6122.79,97.19,120,Juniper Hydrating Mask,2026-01-11,501.28,233,2.15,12.21
1768116931700,1602,1309,8.90,3.90,50.39,62,5268.81,84.98,90,Juniper Hydrating Mask,2026-01-11,603.07,302,2.00,8.74
1768120531700,1564,1339,9.64,2.59,44.34,41,3924.23,95.71,61,Juniper Hydrating Mask,2026-01-11,547.19,298,1.84,7.17
1768124131700,1516,1244,6.56,2.37,41.22,36,3403.00,94.53,51,Juniper Hydrating Mask,2026-01-11,477.84,260,1.84,7.12
1768127731700,1412,1134,8.04,2.30,44.17,32,2721.88,85.06,46,Juniper Hydrating Mask,2026-01-11,581.29,300,1.94,4.68
1768131331700,1307,1142,5.83,3.33,40.45,43,3584.37,83.36,60,Juniper Hydrating Mask,2026-01-11,471.57,242,1.95,7.60
1768134931700,1192,1122,6.72,2.24,46.53,27,2336.35,86.53,49,Juniper Hydrating Mask,2026-01-11,524.14,265,1.98,4.46
1768138531700,1120,985,5.12,2.23,34.51,25,2055.14,82.21,32,Juniper Hydrating Mask,2026-01-11,474.66,199,2.39,4.33
1768142131700,1018,909,4.90,3.01,43.80,31,2660.25,85.81,48,Juniper Hydrating Mask,2026-01-11,547.51,207,2.64,4.86
1768145731700,899,837,5.26,2.95,40.00,26,2197.71,84.53,47,Juniper Hydrating Mask,2026-01-11,460.67,154,2.99,4.77
1768149331700,843,690,4.06,1.39,36.00,12,1076.61,89.72,19,Juniper Hydrating Mask,2026-01-11,532.11,232,2.29,2.02