ts,temp,humidity,pressure,wind_speed,wind_deg,clouds,weather_main,weather_desc
1725148800000,21.2,68,1011,4.1,354,45,Clouds,scattered clouds
1725152400000,22.7,57,1012,4,238,34,Clouds,scattered clouds
1725156000000,22.6,59,1007,2.8,293,40,Clouds,scattered clouds
1725159600000,25.7,56,1010,4,63,43,Clouds,scattered clouds
1725163200000,27.3,57,1010,2.9,168,41,Clouds,scattered clouds
1725166800000,28.6,60,1012,2.6,348,57,Clouds,scattered clouds
1725170400000,27,55,1009,4.1,139,45,Clouds,scattered clouds
1725174000000,29,53,1014,3.1,36,43,Clouds,scattered clouds
1725177600000,29.5,54,1011,3.9,61,46,Clouds,scattered clouds
1725181200000,27.2,54,1007,4.1,261,51,Clouds,scattered clouds
1725184800000,27.7,60,1011,4.4,230,58,Clouds,scattered clouds
1725188400000,24.8,56,1011,5.2,354,49,Clouds,scattered clouds
1725192000000,23.4,58,1015,4.6,0,36,Clouds,scattered clouds
1725195600000,22.8,65,1011,4.5,36,41,Clouds,scattered clouds
1725199200000,22.6,66,1014,5.2,81,48,Clouds,scattered clouds
1725202800000,22.2,68,1017,5.6,175,44,Clouds,scattered clouds
1725206400000,19.8,67,1011,4.5,283,49,Clouds,scattered clouds
1725210000000,18.8,70,1012,5.5,318,49,Clouds,scattered clouds
1725213600000,17.8,64,1012,3.8,298,58,Clouds,scattered clouds
1725217200000,17.6,63,1012,4.3,238,39,Clouds,scattered clouds
1725220800000,17,74,1016,4.6,101,60,Clouds,scattered clouds
1725224400000,15.6,75,1009,4.4,50,61,Clouds,scattered clouds
1725228000000,17.9,69,1010,3.3,168,50,Clouds,scattered clouds
1725231600000,16.4,65,1017,3.5,19,57,Clouds,scattered clouds
1725235200000,17.1,67,1009,3.7,139,55,Clouds,scattered clouds
1725238800000,17.4,68,1012,3.3,71,59,Clouds,scattered clouds
1725242400000,17.7,74,1009,3.8,80,53,Clouds,scattered clouds
1725246000000,18.6,64,1007,3.7,261,59,Clouds,scattered clouds
1725249600000,21.1,68,1011,4.1,230,64,Clouds,scattered clouds
1725253200000,22.1,59,1007,4.2,293,41,Clouds,scattered clouds
1725256800000,21.2,61,1010,6.1,63,48,Clouds,scattered clouds
1725260400000,22.3,63,1010,5.6,168,46,Clouds,scattered clouds
1725264000000,22.3,60,1012,5.1,327,42,Clouds,scattered clouds
1725267600000,19.8,64,1009,5.1,330,44,Clouds,scattered clouds
1725271200000,21.1,62,1014,4.7,36,50,Clouds,scattered clouds
1725274800000,19.5,66,1011,4.9,61,56,Clouds,scattered clouds
1725278400000,17,72,1013,4.9,144,66,Clouds,scattered clouds
1725282000000,17.6,64,1014,4.7,271,56,Clouds,scattered clouds
1725285600000,15.3,67,1011,4.3,354,58,Clouds,scattered clouds
1725289200000,14.6,69,1008,4.5,110,65,Clouds,scattered clouds
1725292800000,11.8,79,1011,2.5,36,52,Clouds,scattered clouds
1725296400000,11.2,80,1014,2.7,81,58,Clouds,scattered clouds
1725300000000,9.5,80,1017,3.1,112,72,Clouds,scattered clouds
1725303600000,11.1,77,1011,2.2,283,57,Clouds,scattered clouds
1725307200000,8.4,85,1009,3.4,80,62,Clouds,scattered clouds
1725310800000,8.9,74,1012,3,298,66,Clouds,scattered clouds
1725314400000,8,75,1012,4.3,238,48,Clouds,scattered clouds
1725318000000,7.8,76,1007,3.9,293,54,Clouds,scattered clouds
1725321600000,9.6,83,1009,5.9,50,66,Clouds,scattered clouds
1725325200000,10,78,1010,5.5,168,58,Clouds,scattered clouds
1725328800000,9.4,83,1012,5.2,348,76,Clouds,overcast clouds
1725332400000,10.3,75,1009,6.3,139,61,Clouds,scattered clouds
1725336000000,12.3,73,1014,4.8,36,59,Clouds,scattered clouds
1725339600000,11.7,76,1011,5,61,63,Clouds,scattered clouds
1725343200000,11.4,73,1007,4.6,261,66,Clouds,scattered clouds
1725346800000,13,77,1011,4.4,230,72,Clouds,scattered clouds
1725350400000,13.5,69,1007,3.8,293,49,Clouds,scattered clouds
1725354000000,10.9,73,1015,3.5,0,48,Clouds,scattered clouds
1725357600000,11.6,79,1011,2.9,36,52,Clouds,scattered clouds
1725361200000,8.7,76,1012,3,327,55,Clouds,scattered clouds
1725364800000,7.6,79,1009,2.5,330,56,Clouds,scattered clouds
1725368400000,7.2,81,1016,2.1,211,66,Clouds,scattered clouds
1725372000000,6.3,77,1009,2.5,159,71,Clouds,scattered clouds
1725375600000,5.4,86,1013,3.5,144,78,Clouds,overcast clouds
1725379200000,2.2,85,1009,4.2,135,67,Clouds,scattered clouds
1725382800000,2.3,83,1011,4.4,354,70,Clouds,scattered clouds
1725386400000,-0.4,87,1008,5.4,110,79,Clouds,overcast clouds
1725390000000,1.1,82,1014,5.8,343,71,Clouds,scattered clouds
1725393600000,-1.2,95,1014,5,81,70,Snow,light snow showers
1725397200000,-1.1,90,1007,6.2,86,68,Snow,light snow showers
1725400800000,-1.2,92,1011,4.7,283,69,Snow,light snow showers
1725404400000,-1.4,97,1009,5.4,80,71,Snow,light snow showers
1725408000000,-0.6,87,1007,4.8,261,78,Clouds,overcast clouds
1725411600000,0.1,84,1012,5.1,238,56,Clouds,scattered clouds
1725415200000,1.1,84,1007,4.1,293,61,Clouds,scattered clouds
1725418800000,1.6,84,1010,5.4,63,67,Clouds,scattered clouds
1725422400000,0.9,89,1010,4.5,168,67,Snow,light snow showers
1725426000000,2.8,83,1012,3.4,327,61,Clouds,scattered clouds
1725429600000,2.1,86,1009,3,330,61,Clouds,scattered clouds
1725433200000,1.4,86,1014,2.1,36,69,Clouds,scattered clouds
1725436800000,2.3,87,1011,2.3,61,72,Clouds,scattered clouds
1725440400000,1,86,1007,2.6,261,76,Clouds,overcast clouds
1725444000000,-0.4,86,1014,3.6,271,73,Clouds,scattered clouds
1725447600000,0.4,85,1011,4.1,354,72,Clouds,scattered clouds
1725451200000,-0.3,86,1015,3.7,0,59,Clouds,scattered clouds
1725454800000,-2.9,96,1011,3.9,36,66,Snow,light snow showers
1725458400000,-3.4,97,1014,4.8,81,72,Snow,light snow showers
1725462000000,-6.7,93,1018,5.9,277,63,Snow,light snow showers
1725465600000,-7.8,97,1016,4.9,211,78,Snow,light snow showers
1725469200000,-8.1,97,1010,4.7,107,89,Snow,light snow showers
1725472800000,-9.9,97,1013,5.4,144,86,Snow,light snow showers
1725476400000,-10.8,97,1009,5.5,135,76,Snow,light snow showers
1725480000000,-10.6,97,1011,5.6,188,79,Snow,light snow showers
1725483600000,-12,97,1008,5.5,110,88,Snow,light snow showers
1725487200000,-12,97,1010,4.8,62,86,Snow,light snow showers
1725490800000,-10.8,97,1014,3.9,81,72,Snow,light snow showers
1725494400000,-9.8,97,1007,4.5,86,74,Snow,light snow showers
1725498000000,-10.6,97,1014,3.1,14,87,Snow,light snow showers
1725501600000,-9.9,97,1009,2.6,80,72,Snow,light snow showers
1725505200000,-9.4,97,1007,2.2,261,85,Snow,light snow showers
1725508800000,-8.4,97,1011,2.7,230,87,Snow,light snow showers
1725512400000,-8.1,95,1007,2.9,293,70,Snow,light snow showers
1725516000000,-9.6,97,1015,3.4,0,67,Snow,light snow showers
1725519600000,-7,97,1011,3.6,36,67,Snow,light snow showers
1725523200000,-9,97,1012,4.5,327,72,Snow,light snow showers
1725526800000,-9.6,97,1009,4.8,330,70,Snow,light snow showers
1725530400000,-10.8,97,1014,4.6,36,78,Snow,light snow showers
1725534000000,-12,97,1009,4.8,159,87,Snow,light snow showers
1725537600000,-12,97,1013,5.4,144,86,Snow,light snow showers
1725541200000,-12,97,1014,5.5,271,82,Snow,light snow showers
1725544800000,-12,97,1011,5.3,354,82,Snow,light snow showers
1725548400000,-12,97,1008,5.7,110,88,Snow,light snow showers
1725552000000,-12,97,1014,5.5,343,83,Snow,light snow showers
1725555600000,-12,97,1014,4.2,81,72,Snow,light snow showers
1725559200000,-12,97,1007,4.9,86,74,Snow,light snow showers
1725562800000,-12,97,1016,3.1,211,78,Snow,light snow showers
1725566400000,-12,97,1010,2.4,107,89,Snow,light snow showers
1725570000000,-12,97,1012,3,152,79,Snow,light snow showers
1725573600000,-12,97,1009,3,135,76,Snow,light snow showers
1725577200000,-12,97,1017,2.7,46,76,Snow,light snow showers
1725580800000,-12,97,1008,4.3,110,88,Snow,light snow showers
1725584400000,-12,97,1010,4.5,62,86,Snow,light snow showers
1725588000000,-12,97,1011,3.9,158,66,Snow,light snow showers
1725591600000,-12,97,1007,5.7,86,74,Snow,light snow showers
1725595200000,-9.4,97,1014,5,14,87,Snow,light snow showers
1725598800000,-11,96,1019,6.1,316,67,Snow,light snow showers
1725602400000,-9.8,97,1007,4.9,261,85,Snow,light snow showers
1725606000000,-10.8,97,1014,5.5,271,82,Snow,light snow showers
1725609600000,-11.5,97,1011,5.4,354,82,Snow,light snow showers
1725613200000,-10.8,97,1015,4.5,0,67,Snow,light snow showers
1725616800000,-11.9,97,1011,4.1,36,67,Snow,light snow showers
1725620400000,-12,97,1012,4.4,327,72,Snow,light snow showers
1725624000000,-12,97,1018,5,277,66,Snow,light snow showers
1725627600000,-12,97,1016,3.5,211,78,Snow,light snow showers
1725631200000,-12,97,1009,2.9,159,87,Snow,light snow showers
1725634800000,-12,97,1013,3,144,86,Snow,light snow showers
1725638400000,-12,97,1009,2.8,135,76,Snow,light snow showers
1725642000000,-12,97,1011,3.3,188,79,Snow,light snow showers
1725645600000,-12,97,1008,4,110,88,Snow,light snow showers
1725649200000,-12,97,1010,4.1,62,86,Snow,light snow showers
1725652800000,-12,97,1014,4,81,72,Snow,light snow showers
1725656400000,-12,97,1007,5.5,86,74,Snow,light snow showers
1725660000000,-12,97,1013,4.6,31,83,Snow,light snow showers
1725663600000,-12,97,1010,4.4,107,89,Snow,light snow showers
1725667200000,-12,97,1010,4.8,70,90,Snow,light snow showers
1725670800000,-12,97,1009,5.6,135,76,Snow,light snow showers
1725674400000,-11.9,97,1017,4.9,46,76,Snow,light snow showers
1725678000000,-12,97,1012,4.6,110,90,Snow,light snow showers
1725681600000,-9.5,97,1010,5.5,62,86,Snow,light snow showers
1725685200000,-10.6,97,1011,4.4,158,66,Snow,light snow showers
1725688800000,-9.8,97,1016,5.4,99,78,Snow,light snow showers
1725692400000,-9.8,97,1014,4.2,14,87,Snow,light snow showers
1725696000000,-10.3,97,1019,3.3,347,72,Snow,light snow showers
1725699600000,-10.8,97,1014,4.3,173,74,Snow,light snow showers
1725703200000,-11.7,97,1014,3,271,82,Snow,light snow showers
1725706800000,-12,97,1011,2.5,354,82,Snow,light snow showers
1725710400000,-12,97,1015,2.2,0,67,Snow,light snow showers
1725714000000,-12,97,1014,4.1,343,83,Snow,light snow showers
1725717600000,-12,97,1014,3.7,81,72,Snow,light snow showers
1725721200000,-12,97,1018,4.9,277,66,Snow,light snow showers
1725724800000,-12,97,1016,4.2,211,78,Snow,light snow showers
1725728400000,-12,97,1010,4.2,107,89,Snow,light snow showers
1725732000000,-12,97,1012,5.5,152,79,Snow,light snow showers
1725735600000,-12,97,1009,5.6,135,76,Snow,light snow showers
1725739200000,-12,97,1017,4.9,46,76,Snow,light snow showers
1725742800000,-12,97,1008,6.1,110,88,Snow,light snow showers
1725746400000,-12,97,1010,5.7,62,86,Snow,light snow showers
1725750000000,-12,97,1017,4.9,114,83,Snow,light snow showers
1725753600000,-12,97,1007,5.8,86,74,Snow,light snow showers
1725757200000,-12,97,1014,4.5,14,87,Snow,light snow showers
1725760800000,-11.8,97,1010,3.5,107,89,Snow,light snow showers
1725764400000,-11.5,97,1010,3.3,70,90,Snow,light snow showers
1725768000000,-11.4,97,1013,2.9,171,85,Snow,light snow showers
1725771600000,-8.9,97,1017,2.3,46,76,Snow,light snow showers
1725775200000,-9.6,97,1012,1.7,110,90,Snow,light snow showers
1725778800000,-9,97,1010,3.3,141,70,Snow,light snow showers
1725782400000,-10.9,97,1011,2.8,158,66,Snow,light snow showers
1725786000000,-10.9,97,1015,4.8,195,69,Snow,light snow showers
1725789600000,-9.8,97,1019,3.4,303,84,Snow,light snow showers
1725793200000,-12,97,1019,4.1,347,72,Snow,light snow showers
1725796800000,-12,97,1014,5.9,173,74,Snow,light snow showers
1725800400000,-12,97,1014,5.3,271,82,Snow,light snow showers
1725804000000,-12,97,1011,5.8,188,79,Snow,light snow showers
1725807600000,-12,97,1008,6.1,110,88,Snow,light snow showers
1725811200000,-12,97,1014,6.2,343,83,Snow,light snow showers
1725814800000,-12,97,1014,5.1,81,72,Snow,light snow showers
1725818400000,-12,97,1007,6,86,74,Snow,light snow showers
1725822000000,-12,97,1013,4.6,31,83,Snow,light snow showers
1725825600000,-12,97,1010,3.9,107,89,Snow,light snow showers
1725829200000,-12,97,1010,3.6,70,90,Snow,light snow showers
1725832800000,-12,97,1009,4,135,76,Snow,light snow showers
1725836400000,-12,97,1017,2.7,46,76,Snow,light snow showers
1725840000000,-12,97,1011,3.2,162,66,Snow,light snow showers
1725843600000,-12,97,1010,2.9,62,86,Snow,light snow showers
1725847200000,-10.9,97,1011,2.4,158,66,Snow,light snow showers
1725850800000,-11.9,97,1007,4.4,86,74,Snow,light snow showers
1725854400000,-9.1,97,1014,3.9,14,87,Snow,light snow showers
1725858000000,-9,97,1019,3.7,347,72,Snow,light snow showers
1725861600000,-9.9,97,1010,4.2,70,90,Snow,light snow showers
1725865200000,-8,97,1013,4.6,171,85,Snow,light snow showers
1725868800000,-9.2,97,1018,5.1,198,76,Snow,light snow showers
1725872400000,-9.2,97,1012,4.6,110,90,Snow,light snow showers
1725876000000,-9.3,97,1012,5.4,303,90,Snow,light snow showers
1725879600000,-12,97,1008,6.3,91,90,Snow,light snow showers
1725883200000,-12,97,1015,6.2,195,69,Snow,light snow showers
1725886800000,-12,97,1019,4.2,303,84,Snow,light snow showers
1725890400000,-12,97,1019,4.2,347,72,Snow,light snow showers
1725894000000,-12,97,1009,5.3,111,86,Snow,light snow showers
1725897600000,-12,97,1017,3.3,329,67,Snow,light snow showers
1725901200000,-12,97,1011,4.2,188,79,Snow,light snow showers
1725904800000,-12,97,1008,3.9,110,88,Snow,light snow showers
1725908400000,-12,97,1010,3.1,62,86,Snow,light snow showers
1725912000000,-12,97,1017,2.3,114,83,Snow,light snow showers
1725915600000,-12,97,1007,4,86,74,Snow,light snow showers
1725919200000,-12,97,1014,3.5,14,87,Snow,light snow showers
1725922800000,-12,97,1010,3.3,107,89,Snow,light snow showers
1725926400000,-12,97,1010,3.9,70,90,Snow,light snow showers
1725930000000,-12,97,1016,5.7,23,90,Snow,light snow showers
1725933600000,-10.2,97,1017,4.5,46,76,Snow,light snow showers
1725937200000,-11.3,97,1012,4.5,110,90,Snow,light snow showers
1725940800000,-8.8,97,1010,5.7,62,86,Snow,light snow showers
1725944400000,-9.9,97,1011,4.8,158,66,Snow,light snow showers
1725948000000,-7.3,97,1015,6.3,195,69,Snow,light snow showers
1725951600000,-9.5,97,1014,5.2,14,87,Snow,light snow showers
1725955200000,-7.9,97,1019,4.4,347,72,Snow,light snow showers
1725958800000,-7.9,97,1014,5.7,173,74,Snow,light snow showers
1725962400000,-10.5,97,1013,4,171,85,Snow,light snow showers
1725966000000,-10.1,97,1010,4.5,80,67,Snow,light snow showers
1725969600000,-12,97,1019,4.5,255,89,Snow,light snow showers
1725973200000,-11.9,97,1012,3.2,303,90,Snow,light snow showers
1725976800000,-12,97,1008,3.6,91,90,Snow,light snow showers
1725980400000,-12,97,1015,3.6,195,69,Snow,light snow showers
1725984000000,-12,97,1013,3.8,152,70,Snow,light snow showers
1725987600000,-12,97,1019,3.8,314,73,Snow,light snow showers
1725991200000,-12,97,1009,4.9,111,86,Snow,light snow showers
1725994800000,-12,97,1017,3.7,329,67,Snow,light snow showers
1725998400000,-12,97,1011,4.6,318,88,Snow,light snow showers
1726002000000,-12,97,1010,4.4,12,88,Snow,light snow showers
1726005600000,-12,97,1017,6.3,348,88,Snow,light snow showers
1726009200000,-12,97,1017,6.4,19,82,Snow,light snow showers
1726012800000,-12,97,1017,5.6,175,67,Snow,light snow showers
1726016400000,-12,97,1011,4.6,283,73,Snow,light snow showers
1726020000000,-12,97,1012,5.7,318,71,Snow,light snow showers
1726023600000,-11.5,97,1012,4.1,298,84,Snow,light snow showers
1726027200000,-10.3,97,1012,4.7,238,66,Snow,light snow showers
1726030800000,-7.7,97,1016,5.1,101,78,Snow,light snow showers
1726034400000,-6.7,97,1009,4.9,50,78,Snow,light snow showers
1726038000000,-7.8,97,1010,3.9,168,73,Snow,light snow showers
1726041600000,-6.9,93,1017,4.1,19,79,Snow,light snow showers
1726045200000,-9.1,97,1009,3.4,139,79,Snow,light snow showers
1726048800000,-9.5,97,1012,2.7,71,82,Snow,light snow showers
1726052400000,-9.5,97,1009,3.2,80,72,Snow,light snow showers
1726056000000,-10.7,97,1007,3.2,261,85,Snow,light snow showers
1726059600000,-12,97,1011,3.7,230,87,Snow,light snow showers
1726063200000,-12,97,1007,3.8,293,71,Snow,light snow showers
1726066800000,-12,97,1010,5.8,63,77,Snow,light snow showers
1726070400000,-12,97,1010,5.4,168,73,Snow,light snow showers
1726074000000,-12,97,1012,5,327,72,Snow,light snow showers
1726077600000,-12,97,1009,5.1,330,70,Snow,light snow showers
1726081200000,-12,97,1014,4.8,36,78,Snow,light snow showers
1726084800000,-12,97,1011,5.1,61,80,Snow,light snow showers
1726088400000,-12,97,1013,5.2,144,86,Snow,light snow showers
1726092000000,-12,97,1014,5.1,271,82,Snow,light snow showers
1726095600000,-12,97,1011,4.8,354,82,Snow,light snow showers
1726099200000,-12,97,1008,5,110,88,Snow,light snow showers
1726102800000,-11.9,97,1017,5,348,88,Snow,light snow showers
1726106400000,-10.8,97,1017,4.5,19,82,Snow,light snow showers
1726110000000,-10.9,97,1017,3.7,112,85,Snow,light snow showers
1726113600000,-9.6,97,1011,1.8,283,73,Snow,light snow showers
1726117200000,-6.7,97,1009,2.8,80,72,Snow,light snow showers
1726120800000,-6.4,93,1012,2.4,298,81,Snow,light snow showers
1726124400000,-7.2,93,1012,3.8,238,63,Snow,light snow showers
1726128000000,-6.4,93,1007,3.5,293,68,Snow,light snow showers
1726131600000,-5.8,97,1009,5.5,50,78,Snow,light snow showers
1726135200000,-8.6,97,1010,5.2,168,73,Snow,light snow showers
1726138800000,-7.9,97,1012,5,348,87,Snow,light snow showers
1726142400000,-10.7,97,1009,6.2,139,79,Snow,light snow showers
1726146000000,-11.8,97,1014,4.8,36,78,Snow,light snow showers
1726149600000,-11.8,97,1011,5.1,61,80,Snow,light snow showers
1726153200000,-12,97,1007,4.8,261,85,Snow,light snow showers
1726156800000,-12,97,1011,4.7,230,87,Snow,light snow showers
1726160400000,-12,97,1007,4.2,293,71,Snow,light snow showers
1726164000000,-12,97,1015,3.9,0,67,Snow,light snow showers
1726167600000,-12,97,1011,3.4,36,67,Snow,light snow showers
1726171200000,-12,97,1012,3.5,327,72,Snow,light snow showers
1726174800000,-12,97,1009,3.1,330,70,Snow,light snow showers
1726178400000,-12,97,1016,2.5,211,78,Snow,light snow showers
1726182000000,-12,97,1009,1.9,159,87,Snow,light snow showers
1726185600000,-12,97,1013,2.9,144,86,Snow,light snow showers
1726189200000,-11.7,97,1009,3.6,135,76,Snow,light snow showers
1726192800000,-8.8,96,1011,3.9,354,81,Snow,light snow showers
1726196400000,-7.3,95,1008,4.9,110,86,Snow,light snow showers
1726200000000,-7.9,94,1019,4.8,123,83,Snow,light snow showers
1726203600000,-7.3,94,1017,5.9,19,80,Snow,light snow showers
1726207200000,-7.4,97,1009,6,139,78,Snow,light snow showers
1726210800000,-5.2,97,1011,4.6,283,73,Snow,light snow showers
1726214400000,-6.3,97,1009,5.4,80,72,Snow,light snow showers
1726218000000,-7,95,1007,4.9,261,84,Snow,light snow showers
1726221600000,-6,91,1012,5.3,238,61,Snow,light snow showers
1726225200000,-5.8,93,1007,4.4,293,67,Snow,light snow showers
1726228800000,-8.8,97,1010,5.8,63,77,Snow,light snow showers
1726232400000,-8.2,97,1010,4.9,168,73,Snow,light snow showers
1726236000000,-8.7,97,1012,3.9,327,72,Snow,light snow showers
1726239600000,-9.8,97,1009,3.5,330,70,Snow,light snow showers
1726243200000,-12,97,1014,2.7,36,78,Snow,light snow showers
1726246800000,-12,97,1011,2.6,61,80,Snow,light snow showers
1726250400000,-12,97,1007,2,261,85,Snow,light snow showers
1726254000000,-12,97,1014,3.1,271,82,Snow,light snow showers
1726257600000,-12,97,1011,3.5,354,82,Snow,light snow showers
1726261200000,-12,97,1015,3.2,0,67,Snow,light snow showers
1726264800000,-11.4,97,1011,3.5,36,67,Snow,light snow showers
1726268400000,-12,97,1014,4.5,81,72,Snow,light snow showers
1726272000000,-10.6,97,1018,5.6,277,66,Snow,light snow showers
1726275600000,-8.8,97,1016,4.8,211,78,Snow,light snow showers
1726279200000,-8.9,97,1010,4.6,107,89,Snow,light snow showers
1726282800000,-7.7,97,1013,5.4,144,86,Snow,light snow showers
1726286400000,-6.7,96,1009,5.6,135,75,Snow,light snow showers
1726290000000,-5.3,95,1011,5.8,188,77,Snow,light snow showers
1726293600000,-4.6,92,1008,5.8,110,84,Snow,light snow showers
1726297200000,-5.3,97,1010,5.2,62,86,Snow,light snow showers
1726300800000,-3.7,89,1017,5.5,19,76,Snow,light snow showers
1726304400000,-4.7,93,1009,5,139,76,Snow,light snow showers
1726308000000,-5.2,94,1014,3.1,36,75,Snow,light snow showers
1726311600000,-6.3,97,1009,3.2,80,72,Snow,light snow showers
1726315200000,-7.5,96,1007,2.3,261,84,Snow,light snow showers
1726318800000,-8.2,97,1011,2.1,230,87,Snow,light snow showers
1726322400000,-7.4,95,1007,2.3,293,69,Snow,light snow showers
1726326000000,-7.8,95,1015,2.8,0,66,Snow,light snow showers
1726329600000,-9.9,97,1011,3.1,36,67,Snow,light snow showers
1726333200000,-9.7,97,1012,4.1,327,72,Snow,light snow showers
1726336800000,-12,97,1009,4.5,330,70,Snow,light snow showers
1726340400000,-12,97,1014,4.4,36,78,Snow,light snow showers
1726344000000,-10.6,97,1009,4.7,159,87,Snow,light snow showers
1726347600000,-11,97,1013,5.3,144,86,Snow,light snow showers
1726351200000,-11.9,97,1014,5.5,271,82,Snow,light snow showers
1726354800000,-9.3,97,1011,5.5,354,82,Snow,light snow showers
1726358400000,-9.3,97,1008,5.9,110,88,Snow,light snow showers
1726362000000,-7.6,93,1014,5.8,343,79,Snow,light snow showers
1726365600000,-8,97,1014,4.6,81,72,Snow,light snow showers
1726369200000,-6.2,96,1007,5.4,86,73,Snow,light snow showers
1726372800000,-3.2,94,1016,3.7,211,76,Snow,light snow showers
1726376400000,-4.9,95,1010,3,107,87,Snow,light snow showers
1726380000000,-4.1,92,1012,3.6,152,74,Snow,light snow showers
1726383600000,-2.7,91,1009,2.9,135,71,Snow,light snow showers
1726387200000,-3.3,90,1017,2.1,46,70,Snow,light snow showers
1726390800000,-3.9,91,1008,3.8,110,83,Snow,light snow showers
1726394400000,-2.8,96,1010,3.9,62,86,Snow,light snow showers
1726398000000,-3.4,97,1011,3.5,158,66,Snow,light snow showers
1726401600000,-5.4,94,1009,5.3,139,76,Snow,light snow showers
1726405200000,-5.9,95,1014,4.2,36,76,Snow,light snow showers
1726408800000,-4.8,95,1011,4.8,61,79,Snow,light snow showers
1726412400000,-5.9,94,1007,4.8,261,83,Snow,light snow showers
1726416000000,-8.5,95,1014,5.5,271,81,Snow,light snow showers
1726419600000,-7.8,95,1011,5.5,354,80,Snow,light snow showers
1726423200000,-7.3,95,1015,4.7,0,66,Snow,light snow showers
1726426800000,-9.7,97,1011,4.4,36,67,Snow,light snow showers
1726430400000,-8.1,96,1012,4.7,327,71,Snow,light snow showers
1726434000000,-9.6,97,1018,5.4,277,66,Snow,light snow showers
1726437600000,-9,97,1016,4,211,78,Snow,light snow showers
1726441200000,-7.1,93,1009,3.5,159,84,Snow,light snow showers
1726444800000,-6.5,97,1013,3.6,144,86,Snow,light snow showers
1726448400000,-4.8,94,1009,3.4,135,73,Snow,light snow showers
1726452000000,-4.6,94,1011,3.1,188,77,Snow,light snow showers
1726455600000,-2,89,1008,3.4,110,81,Snow,light snow showers
1726459200000,-2.7,96,1010,3.5,62,85,Snow,light snow showers
1726462800000,0.7,93,1014,3.5,81,69,Snow,light snow showers
1726466400000,-0.2,89,1007,5,86,68,Snow,light snow showers
1726470000000,0.8,88,1013,4.2,31,75,Clouds,scattered clouds
1726473600000,1.1,88,1010,4.1,107,82,Snow,light snow showers
1726477200000,0.7,91,1010,4.5,70,85,Snow,light snow showers
1726480800000,0.7,87,1009,5.5,135,68,Clouds,scattered clouds
1726484400000,2,84,1017,4.8,46,65,Clouds,scattered clouds
1726488000000,0.6,93,1012,4.7,110,87,Snow,light snow showers
1726491600000,-0.2,93,1010,5.7,62,83,Snow,light snow showers
1726495200000,-2.2,96,1011,4.6,158,66,Snow,light snow showers
1726498800000,-1.5,96,1016,5.8,99,78,Snow,light snow showers
1726502400000,-3.1,91,1014,4.1,36,73,Snow,light snow showers
1726506000000,-4.4,90,1009,3.8,159,81,Snow,light snow showers
1726509600000,-3.6,97,1013,3.9,144,86,Snow,light snow showers
1726513200000,-4.5,90,1014,3.6,271,77,Snow,light snow showers
1726516800000,-2.9,89,1011,3.1,354,75,Snow,light snow showers
1726520400000,-4.6,91,1015,1.8,0,63,Snow,light snow showers
1726524000000,-1.4,85,1014,3.6,343,74,Clouds,scattered clouds
1726527600000,-1.7,96,1014,3.1,81,71,Snow,light snow showers
1726531200000,0.3,85,1018,4.4,277,56,Clouds,scattered clouds
1726534800000,-0.2,90,1016,3.7,211,73,Snow,light snow showers
1726538400000,1.4,88,1010,3.9,107,82,Snow,light snow showers
1726542000000,3.7,82,1012,5.2,152,67,Clouds,scattered clouds
1726545600000,4.2,83,1009,5.4,135,65,Clouds,scattered clouds
1726549200000,5.3,80,1017,4.8,46,62,Clouds,scattered clouds
1726552800000,5.5,80,1008,6,110,74,Clouds,scattered clouds
1726556400000,7.5,84,1010,5.8,62,76,Clouds,overcast clouds
1726560000000,7,86,1017,5.1,114,75,Clouds,scattered clouds
1726563600000,8.1,79,1007,6.1,86,60,Clouds,scattered clouds
1726567200000,8.8,83,1014,4.9,14,77,Clouds,overcast clouds
1726570800000,7.1,81,1010,4,107,76,Clouds,overcast clouds
1726574400000,6.7,83,1010,3.8,70,79,Clouds,overcast clouds
1726578000000,6,87,1013,3.5,171,77,Clouds,overcast clouds
1726581600000,5.8,79,1017,2.9,46,62,Clouds,scattered clouds
1726585200000,5,88,1012,2.2,110,83,Clouds,overcast clouds
1726588800000,3.2,91,1010,2.8,141,66,Rain,light rain
1726592400000,4.2,88,1011,2.3,158,60,Clouds,scattered clouds
1726596000000,2.8,89,1015,4.3,195,63,Clouds,scattered clouds
1726599600000,2.9,84,1019,2.9,303,74,Clouds,scattered clouds
1726603200000,2.6,81,1009,3.7,159,75,Clouds,scattered clouds
1726606800000,2.6,90,1013,4.6,144,80,Clouds,overcast clouds
1726610400000,3.5,81,1014,5,271,70,Clouds,scattered clouds
1726614000000,6.2,81,1011,5.6,188,66,Clouds,scattered clouds
1726617600000,7.9,77,1008,6,110,72,Clouds,scattered clouds
1726621200000,8,74,1014,6.2,343,65,Clouds,scattered clouds
1726624800000,10.4,81,1014,5.2,81,59,Clouds,scattered clouds
1726628400000,9.9,77,1007,6.2,86,58,Clouds,scattered clouds
1726632000000,11,76,1013,4.9,31,65,Clouds,scattered clouds
1726635600000,14.2,73,1010,4.2,107,69,Clouds,scattered clouds
1726639200000,14.6,74,1010,4.1,70,72,Clouds,scattered clouds
1726642800000,14,71,1009,4.5,135,55,Clouds,scattered clouds
1726646400000,16.4,66,1017,3.3,46,51,Clouds,scattered clouds
1726650000000,15.6,71,1011,3.8,162,45,Clouds,scattered clouds
1726653600000,16.2,74,1010,3.2,62,67,Clouds,scattered clouds
1726657200000,14.5,76,1011,1.8,158,50,Clouds,scattered clouds
1726660800000,14.6,71,1007,3.8,86,53,Clouds,scattered clouds
1726664400000,15.9,75,1014,3.3,14,70,Clouds,scattered clouds
1726668000000,15.1,75,1019,3.3,347,55,Clouds,scattered clouds
1726671600000,12.2,77,1010,3.7,70,74,Clouds,scattered clouds
1726675200000,12.5,79,1013,4.2,171,71,Clouds,scattered clouds
1726678800000,11.2,79,1018,4.8,198,61,Clouds,scattered clouds
1726682400000,10.5,81,1012,4.4,110,78,Clouds,overcast clouds
1726686000000,11.8,80,1012,5.4,303,76,Clouds,overcast clouds
1726689600000,11.9,77,1008,6.4,91,74,Clouds,scattered clouds
1726693200000,11.2,79,1015,6.3,195,55,Clouds,scattered clouds
1726696800000,12.2,73,1019,4.4,303,65,Clouds,scattered clouds
1726700400000,15.3,66,1009,4.6,159,62,Clouds,scattered clouds
1726704000000,14.9,69,1012,5.3,152,56,Clouds,scattered clouds
1726707600000,15.8,69,1009,4.8,135,53,Clouds,scattered clouds
1726711200000,18.6,66,1011,4.7,188,54,Clouds,scattered clouds
1726714800000,20.8,61,1008,4.4,110,59,Clouds,scattered clouds
1726718400000,20.1,69,1010,3.6,62,64,Clouds,scattered clouds
1726722000000,22.8,67,1017,2.5,114,60,Clouds,scattered clouds
1726725600000,22.1,62,1007,3.4,86,46,Clouds,scattered clouds
1726729200000,22.9,66,1014,2.9,14,63,Clouds,scattered clouds
1726732800000,24.5,60,1010,2.8,107,59,Clouds,scattered clouds
1726736400000,24.4,62,1010,3.4,70,62,Clouds,scattered clouds
1726740000000,25.8,62,1016,5.3,23,62,Clouds,scattered clouds
1726743600000,23.8,58,1017,4.2,46,44,Clouds,scattered clouds
1726747200000,24.7,64,1012,4.2,110,64,Clouds,scattered clouds
1726750800000,22.4,66,1010,5.6,62,61,Clouds,scattered clouds
1726754400000,24.1,65,1011,4.8,158,40,Clouds,scattered clouds
1726758000000,21.8,67,1015,6.3,195,44,Clouds,scattered clouds
1726761600000,21.6,68,1014,5.3,14,64,Clouds,scattered clouds
1726765200000,21.1,68,1019,4.7,347,49,Clouds,scattered clouds
1726768800000,20.4,63,1014,6,173,48,Clouds,scattered clouds
1726772400000,20.6,69,1013,4.4,171,63,Clouds,scattered clouds
1726776000000,21.2,65,1010,5,80,41,Clouds,scattered clouds
1726779600000,22.2,68,1019,5,255,66,Clouds,scattered clouds
1726783200000,23,67,1012,3.7,303,66,Clouds,scattered clouds
1726786800000,22.8,64,1008,4.2,91,64,Clouds,scattered clouds
1726790400000,25.6,62,1015,3.7,195,41,Clouds,scattered clouds
1726794000000,26,53,1013,3.2,152,34,Clouds,scattered clouds
1726797600000,26.8,52,1019,3.3,314,37,Clouds,scattered clouds
1726801200000,29.4,51,1012,3.9,152,42,Clouds,scattered clouds
1726804800000,30.1,52,1009,4.3,135,40,Clouds,scattered clouds
1726808400000,32.8,47,1017,3.9,46,36,Clouds,scattered clouds
1726812000000,33.9,49,1011,5.1,162,27,Clouds,scattered clouds
1726815600000,35.3,51,1010,5.4,62,49,Clouds,scattered clouds
1726819200000,34.7,52,1011,4.6,158,30,Clouds,scattered clouds
1726822800000,36,46,1007,6.3,86,33,Clouds,scattered clouds
1726826400000,34.3,53,1014,5.3,14,52,Clouds,scattered clouds
1726830000000,34.4,44,1012,5.5,243,36,Clouds,scattered clouds
1726833600000,35.1,49,1010,4.7,70,52,Clouds,scattered clouds
1726837200000,33.8,53,1013,4.7,171,50,Clouds,scattered clouds
1726840800000,33.2,46,1017,4.3,46,35,Clouds,scattered clouds
1726844400000,32,56,1012,3.7,110,57,Clouds,scattered clouds
1726848000000,32.2,56,1012,4.1,303,57,Clouds,scattered clouds
1726851600000,32.5,55,1011,3,158,32,Clouds,scattered clouds
1726855200000,30.6,56,1015,4.1,195,36,Clouds,scattered clouds
1726858800000,31.3,50,1019,1.8,303,47,Clouds,scattered clouds
1726862400000,33.5,53,1019,2,347,37,Clouds,scattered clouds
1726866000000,31.4,51,1009,4,111,49,Clouds,scattered clouds
1726869600000,33.7,52,1017,2.8,329,31,Clouds,scattered clouds
1726873200000,33.1,51,1010,4.5,80,30,Clouds,scattered clouds
1726876800000,35.1,53,1019,5.3,255,54,Clouds,scattered clouds
1726880400000,36,51,1012,4.8,303,53,Clouds,scattered clouds
1726884000000,36,46,1016,5.1,143,36,Clouds,scattered clouds
1726887600000,36,51,1014,5.8,330,36,Clouds,scattered clouds
1726891200000,36,41,1013,6,152,25,Clouds,scattered clouds
1726894800000,36,41,1019,5.6,314,28,Clouds,scattered clouds
1726898400000,36,46,1012,5.2,291,39,Clouds,scattered clouds
1726902000000,36,50,1016,6.2,23,52,Clouds,scattered clouds
1726905600000,36,43,1017,4.5,46,33,Clouds,scattered clouds
1726909200000,36,51,1012,4,110,53,Clouds,scattered clouds
1726912800000,36,50,1010,4.7,62,48,Clouds,scattered clouds
1726916400000,36,50,1011,3.4,158,29,Clouds,scattered clouds
1726920000000,36,44,1013,4.5,299,38,Clouds,scattered clouds
1726923600000,36,51,1014,3,14,50,Clouds,scattered clouds
1726927200000,36,50,1019,2,347,34,Clouds,scattered clouds
1726930800000,35.9,48,1010,2.2,70,51,Clouds,scattered clouds
1726934400000,33.7,53,1013,2.8,171,50,Clouds,scattered clouds
1726938000000,34.9,49,1010,4.2,80,28,Clouds,scattered clouds
1726941600000,33.5,54,1012,3.4,110,55,Clouds,scattered clouds
1726945200000,34,54,1012,4.5,303,55,Clouds,scattered clouds
1726948800000,32.7,52,1008,5.8,91,54,Clouds,scattered clouds
1726952400000,34,52,1015,6,195,33,Clouds,scattered clouds
1726956000000,34.2,43,1013,5.9,152,27,Clouds,scattered clouds
1726959600000,36,41,1019,5.6,314,28,Clouds,scattered clouds
1726963200000,36,45,1009,6.3,111,45,Clouds,scattered clouds
1726966800000,36,49,1017,4.6,329,29,Clouds,scattered clouds
1726970400000,36,47,1010,5.7,80,27,Clouds,scattered clouds
1726974000000,36,51,1014,4.6,78,50,Clouds,scattered clouds
1726977600000,36,46,1009,4.5,321,45,Clouds,scattered clouds
1726981200000,36,46,1016,4.4,143,36,Clouds,scattered clouds
1726984800000,36,51,1014,4.5,330,36,Clouds,scattered clouds
1726988400000,36,45,1009,3.8,341,28,Clouds,scattered clouds
1726992000000,36,44,1015,2.4,112,42,Clouds,scattered clouds
1726995600000,36,46,1012,2.3,291,39,Clouds,scattered clouds
1726999200000,36,51,1016,3,33,38,Clouds,scattered clouds
1727002800000,36,51,1016,4,101,41,Clouds,scattered clouds
1727006400000,36,51,1009,4.7,50,41,Clouds,scattered clouds
1727010000000,36,41,1019,4.3,123,40,Clouds,scattered clouds
1727013600000,36,42,1017,5.6,19,38,Clouds,scattered clouds
1727017200000,34.3,47,1009,5.7,139,38,Clouds,scattered clouds
1727020800000,33.4,51,1011,4.4,283,36,Clouds,scattered clouds
1727024400000,33.8,54,1009,5.3,80,37,Clouds,scattered clouds
1727028000000,33.9,46,1007,4.9,261,44,Clouds,scattered clouds
1727031600000,34.4,43,1012,5.4,238,23,Clouds,scattered clouds
1727035200000,32.8,46,1007,4.6,293,30,Clouds,scattered clouds
1727038800000,34.8,45,1010,6.1,63,35,Clouds,scattered clouds
1727042400000,33.9,49,1010,5.3,168,35,Clouds,scattered clouds
1727046000000,36,43,1012,4.3,327,29,Clouds,scattered clouds
1727049600000,36,45,1009,4,330,29,Clouds,scattered clouds
1727053200000,36,44,1014,3.3,36,36,Clouds,scattered clouds
1727056800000,36,46,1011,3.1,61,40,Clouds,scattered clouds
1727060400000,36,43,1007,2.4,261,42,Clouds,scattered clouds
1727064000000,36,42,1014,2.5,271,38,Clouds,scattered clouds
1727067600000,36,42,1011,3,354,38,Clouds,scattered clouds
1727071200000,36,43,1015,2.7,0,24,Clouds,scattered clouds
1727074800000,36,50,1011,3,36,29,Clouds,scattered clouds
1727078400000,36,50,1014,4.1,81,35,Clouds,scattered clouds
1727082000000,36,42,1018,5.3,277,22,Clouds,scattered clouds
1727085600000,36,47,1016,4.5,211,38,Clouds,scattered clouds
1727089200000,36,46,1010,4.5,107,48,Clouds,scattered clouds
1727092800000,36,50,1013,5.3,144,48,Clouds,scattered clouds
1727096400000,36,45,1009,5.7,135,34,Clouds,scattered clouds
1727100000000,35.2,52,1019,6.4,137,43,Clouds,scattered clouds
1727103600000,36,51,1009,6.3,50,41,Clouds,scattered clouds
1727107200000,35.7,47,1010,5.5,168,33,Clouds,scattered clouds
1727110800000,33.8,45,1017,5.9,19,40,Clouds,scattered clouds
1727114400000,34.4,46,1009,5.4,139,38,Clouds,scattered clouds
1727118000000,32.6,48,1014,3.6,36,39,Clouds,scattered clouds
1727121600000,33.2,55,1009,3.8,80,38,Clouds,scattered clouds
1727125200000,34.7,45,1007,2.9,261,44,Clouds,scattered clouds
1727128800000,34.9,51,1011,2.4,230,51,Clouds,scattered clouds
1727132400000,35.9,43,1007,1.7,293,27,Clouds,scattered clouds
1727136000000,36,43,1015,2.3,0,24,Clouds,scattered clouds
1727139600000,36,50,1011,2.6,36,29,Clouds,scattered clouds
1727143200000,36,43,1012,3.6,327,29,Clouds,scattered clouds
1727146800000,36,45,1009,4,330,29,Clouds,scattered clouds
1727150400000,36,44,1014,4.1,36,36,Clouds,scattered clouds
1727154000000,36,41,1009,4.4,159,42,Clouds,scattered clouds
1727157600000,36,50,1013,5.2,144,48,Clouds,scattered clouds
1727161200000,36,42,1014,5.4,271,38,Clouds,scattered clouds
1727164800000,36,42,1011,5.5,354,38,Clouds,scattered clouds
1727168400000,36,43,1008,6,110,45,Clouds,scattered clouds
1727172000000,36,40,1014,6.1,343,38,Clouds,scattered clouds
1727175600000,36,50,1014,4.9,81,35,Clouds,scattered clouds
1727179200000,36,46,1007,5.8,86,33,Clouds,scattered clouds
1727182800000,35.7,47,1016,4.1,211,38,Clouds,scattered clouds
1727186400000,34.9,48,1010,3.5,107,49,Clouds,scattered clouds
1727190000000,35.9,44,1012,4.1,152,36,Clouds,scattered clouds
1727193600000,34.7,46,1009,3.5,135,35,Clouds,scattered clouds
1727197200000,33,46,1017,2.2,46,35,Clouds,scattered clouds
1727200800000,33,54,1009,3.5,50,44,Clouds,scattered clouds
1727204400000,33.9,49,1010,3.4,168,35,Clouds,scattered clouds
1727208000000,32.3,48,1012,3.2,327,32,Clouds,scattered clouds
1727211600000,34.3,47,1009,4.8,139,38,Clouds,scattered clouds
1727215200000,33.3,48,1014,3.8,36,39,Clouds,scattered clouds
1727218800000,34.3,48,1011,4.4,61,41,Clouds,scattered clouds
1727222400000,36,43,1007,4.5,261,42,Clouds,scattered clouds
1727226000000,36,42,1014,5.3,271,38,Clouds,scattered clouds
1727229600000,36,42,1011,5.4,354,38,Clouds,scattered clouds
1727233200000,36,43,1015,4.7,0,24,Clouds,scattered clouds
1727236800000,36,50,1011,4.5,36,29,Clouds,scattered clouds
1727240400000,36,43,1012,4.9,327,29,Clouds,scattered clouds
1727244000000,36,42,1018,5.8,277,22,Clouds,scattered clouds
1727247600000,36,47,1016,4.4,211,38,Clouds,scattered clouds
1727251200000,36,41,1009,3.9,159,42,Clouds,scattered clouds
1727254800000,36,50,1013,4.1,144,48,Clouds,scattered clouds
1727258400000,36,45,1009,3.9,135,34,Clouds,scattered clouds
1727262000000,36,45,1011,3.7,188,38,Clouds,scattered clouds
1727265600000,36,43,1008,3.4,110,45,Clouds,scattered clouds
1727269200000,36,50,1010,3,62,48,Clouds,scattered clouds
1727272800000,36,50,1014,2.9,81,35,Clouds,scattered clouds
1727276400000,34.3,48,1007,4.5,86,34,Clouds,scattered clouds
1727280000000,32.1,50,1013,3.8,31,45,Clouds,scattered clouds
1727283600000,33.2,50,1010,3.7,107,51,Clouds,scattered clouds
1727287200000,31.6,54,1010,4.2,70,55,Clouds,scattered clouds
1727290800000,31,51,1009,5.3,135,39,Clouds,scattered clouds
1727294400000,32.7,47,1017,4.7,46,36,Clouds,scattered clouds
1727298000000,34,53,1012,4.6,110,55,Clouds,scattered clouds
1727301600000,32.6,51,1010,5.7,168,36,Clouds,scattered clouds
1727305200000,35.1,44,1012,5,327,30,Clouds,scattered clouds
1727308800000,34.4,47,1009,5,330,30,Clouds,scattered clouds
1727312400000,35.6,45,1014,4.4,36,36,Clouds,scattered clouds
1727316000000,36,41,1009,4.2,159,42,Clouds,scattered clouds
1727319600000,36,50,1013,4.4,144,48,Clouds,scattered clouds
1727323200000,36,42,1014,4.1,271,38,Clouds,scattered clouds
1727326800000,36,42,1011,3.7,354,38,Clouds,scattered clouds
1727330400000,36,43,1015,2.4,0,24,Clouds,scattered clouds
1727334000000,36,40,1014,3.4,343,38,Clouds,scattered clouds
1727337600000,36,50,1014,2.5,81,35,Clouds,scattered clouds
1727341200000,36,42,1018,3.8,277,22,Clouds,scattered clouds
1727344800000,36,47,1016,3.2,211,38,Clouds,scattered clouds
1727348400000,36,46,1010,3.4,107,48,Clouds,scattered clouds
1727352000000,36,43,1012,4.8,152,36,Clouds,scattered clouds
1727355600000,36,45,1009,5.1,135,34,Clouds,scattered clouds
1727359200000,34.8,44,1017,4.5,46,34,Clouds,scattered clouds
1727362800000,34.1,45,1008,5.9,110,46,Clouds,scattered clouds
1727366400000,33,54,1010,5.7,62,51,Clouds,scattered clouds
1727370000000,31,57,1017,5.1,114,52,Clouds,scattered clouds
1727373600000,32,50,1007,6.3,86,37,Clouds,scattered clouds
1727377200000,30.9,57,1014,5.1,14,55,Clouds,scattered clouds
1727380800000,30.2,53,1010,4.3,107,54,Clouds,scattered clouds
1727384400000,31.9,53,1010,4.2,70,55,Clouds,scattered clouds
1727388000000,30.9,57,1013,4,171,53,Clouds,scattered clouds
1727391600000,32,48,1017,3.4,46,36,Clouds,scattered clouds
1727395200000,34.9,52,1012,2.8,110,54,Clouds,scattered clouds
1727398800000,36,52,1010,3.4,141,34,Clouds,scattered clouds
1727402400000,36,43,1012,2.2,327,29,Clouds,scattered clouds
1727406000000,36,42,1018,3.4,277,22,Clouds,scattered clouds
1727409600000,36,47,1016,2.8,211,38,Clouds,scattered clouds
1727413200000,36,41,1009,3.2,159,42,Clouds,scattered clouds
1727416800000,36,50,1013,4.1,144,48,Clouds,scattered clouds
1727420400000,36,42,1014,4.6,271,38,Clouds,scattered clouds
1727424000000,36,45,1011,5.4,188,38,Clouds,scattered clouds
1727427600000,36,43,1008,5.8,110,45,Clouds,scattered clouds
1727431200000,36,40,1014,6.1,343,38,Clouds,scattered clouds
1727434800000,36,50,1014,5.2,81,35,Clouds,scattered clouds
1727438400000,35.6,46,1007,6.3,86,33,Clouds,scattered clouds
1727442000000,35,47,1013,5.1,31,42,Clouds,scattered clouds
1727445600000,35.7,47,1010,4.5,107,48,Clouds,scattered clouds
1727449200000,31.9,53,1010,4.4,70,55,Clouds,scattered clouds
1727452800000,32.4,49,1009,4.9,135,38,Clouds,scattered clouds
1727456400000,29.7,50,1017,3.8,46,39,Clouds,scattered clouds
1727460000000,29.4,54,1011,4.3,162,31,Clouds,scattered clouds
1727463600000,28.6,59,1010,3.8,62,55,Clouds,scattered clouds
1727467200000,29.9,58,1011,2.4,158,35,Clouds,scattered clouds
1727470800000,30,53,1007,3.4,86,39,Clouds,scattered clouds
1727474400000,29.3,59,1014,2.8,14,57,Clouds,scattered clouds
1727478000000,30.3,57,1019,2.7,347,40,Clouds,scattered clouds
1727481600000,33.3,52,1010,3.2,70,54,Clouds,scattered clouds
1727485200000,34,53,1013,3.8,171,50,Clouds,scattered clouds
1727488800000,34,51,1018,4.5,198,39,Clouds,scattered clouds
1727492400000,35.3,52,1012,4.2,110,54,Clouds,scattered clouds
1727496000000,36,51,1012,5.2,303,53,Clouds,scattered clouds
1727499600000,36,48,1008,6.3,91,51,Clouds,scattered clouds
1727503200000,36,42,1018,6.1,277,22,Clouds,scattered clouds
1727506800000,36,47,1016,5,211,38,Clouds,scattered clouds
1727510400000,36,41,1009,4.8,159,42,Clouds,scattered clouds
1727514000000,36,43,1012,5.5,152,36,Clouds,scattered clouds
1727517600000,36,45,1009,5.2,135,34,Clouds,scattered clouds
1727521200000,36,45,1011,5.1,188,38,Clouds,scattered clouds
1727524800000,34.3,45,1008,4.9,110,46,Clouds,scattered clouds
1727528400000,33.2,53,1010,4.2,62,51,Clouds,scattered clouds
1727532000000,31.9,56,1017,3.1,114,51,Clouds,scattered clouds
1727535600000,33.1,49,1007,3.8,86,36,Clouds,scattered clouds
1727539200000,30.3,58,1014,2.3,14,56,Clouds,scattered clouds
1727542800000,29.8,54,1010,2.2,107,54,Clouds,scattered clouds
1727546400000,29,57,1010,2.8,70,58,Clouds,scattered clouds
1727550000000,28.1,59,1016,4.8,23,59,Clouds,scattered clouds
1727553600000,28.1,52,1017,3.7,46,40,Clouds,scattered clouds
1727557200000,29.9,58,1012,3.9,110,59,Clouds,scattered clouds
1727560800000,30.6,56,1010,5.3,62,54,Clouds,scattered clouds
1727564400000,31.3,56,1011,4.6,158,34,Clouds,scattered clouds
1727568000000,29.8,57,1015,6.3,195,37,Clouds,scattered clouds
1727571600000,32.3,55,1014,5.3,14,54,Clouds,scattered clouds
1727575200000,32.4,55,1019,4.8,347,38,Clouds,scattered clouds
1727578800000,32.7,49,1014,6.2,173,36,Clouds,scattered clouds
1727582400000,34.9,52,1013,4.7,171,49,Clouds,scattered clouds
1727586000000,34.9,49,1010,5.4,80,28,Clouds,scattered clouds
1727589600000,36,52,1019,5.4,255,53,Clouds,scattered clouds
1727593200000,35.1,52,1012,4.2,303,54,Clouds,scattered clouds
1727596800000,35.2,49,1008,4.7,91,52,Clouds,scattered clouds
1727600400000,36,42,1018,4,277,22,Clouds,scattered clouds
1727604000000,36,46,1013,2.6,31,41,Clouds,scattered clouds
1727607600000,34.1,49,1010,1.8,107,50,Clouds,scattered clouds
1727611200000,33.3,47,1012,3.4,152,39,Clouds,scattered clouds
1727614800000,33.3,48,1009,3.7,135,37,Clouds,scattered clouds
1727618400000,31.4,48,1017,3.4,46,37,Clouds,scattered clouds
1727622000000,30.2,53,1011,4.7,162,31,Clouds,scattered clouds
1727625600000,28.4,59,1010,5,62,56,Clouds,scattered clouds
1727629200000,28.8,59,1011,4.4,158,36,Clouds,scattered clouds
1727632800000,26.2,57,1007,6.1,86,42,Clouds,scattered clouds
1727636400000,27.9,61,1014,5.3,14,58,Clouds,scattered clouds
1727640000000,27.9,52,1012,5.6,243,43,Clouds,scattered clouds
1727643600000,26.7,59,1010,4.8,70,60,Clouds,scattered clouds
1727647200000,27.1,61,1013,4.9,171,57,Clouds,scattered clouds
1727650800000,27.5,53,1017,4.6,46,41,Clouds,scattered clouds
1727654400000,28.7,60,1012,4.1,110,60,Clouds,scattered clouds
1727658000000,29.5,59,1012,4.6,303,59,Clouds,scattered clouds
1727661600000,29.2,58,1011,3.6,158,36,Clouds,scattered clouds
1727665200000,31.6,55,1015,4.6,195,35,Clouds,scattered clouds
1727668800000,31.5,50,1019,2.4,303,47,Clouds,scattered clouds
1727672400000,31.5,56,1019,2.1,347,39,Clouds,scattered clouds
1727676000000,32.1,50,1009,3.4,111,48,Clouds,scattered clouds
1727679600000,32,54,1017,2.3,329,32,Clouds,scattered clouds
1727683200000,32.1,52,1010,4,80,31,Clouds,scattered clouds
1727686800000,33.6,54,1019,4.8,255,55,Clouds,scattered clouds
1727690400000,33.5,54,1012,4.4,303,56,Clouds,scattered clouds
1727694000000,31.5,52,1016,4.8,143,40,Clouds,scattered clouds
1727697600000,31.5,57,1014,5.5,330,40,Clouds,scattered clouds
1727701200000,28.6,54,1013,5,31,49,Clouds,scattered clouds
1727704800000,27.6,56,1010,4.7,107,56,Clouds,scattered clouds
1727708400000,27.4,59,1010,4.9,70,59,Clouds,scattered clouds
1727712000000,26.1,62,1016,6.3,23,61,Clouds,scattered clouds
1727715600000,23.7,58,1017,4.7,46,44,Clouds,scattered clouds
1727719200000,24.8,64,1012,4.3,110,64,Clouds,scattered clouds
1727722800000,23.3,65,1010,5.1,62,61,Clouds,scattered clouds
1727726400000,23.6,65,1011,3.9,158,41,Clouds,scattered clouds
1727730000000,22,60,1013,5,299,51,Clouds,scattered clouds
1727733600000,22.8,67,1014,3.6,14,63,Clouds,scattered clouds
1727737200000,25.1,64,1019,2.6,347,45,Clouds,scattered clouds
1727740800000,23.1,64,1010,2.1,70,64,Clouds,scattered clouds
1727744400000,25.3,63,1013,2.2,171,58,Clouds,scattered clouds
1727748000000,25.7,60,1010,3.6,80,37,Clouds,scattered clouds
1727751600000,25.5,63,1012,2.9,110,63,Clouds,scattered clouds
1727755200000,25.8,63,1012,4.1,303,63,Clouds,scattered clouds
1727758800000,27.7,58,1008,5.4,91,59,Clouds,scattered clouds
1727762400000,28,59,1015,5.7,195,38,Clouds,scattered clouds
1727766000000,26.9,52,1013,5.7,152,34,Clouds,scattered clouds
1727769600000,27.1,52,1019,5.4,314,37,Clouds,scattered clouds
1727773200000,28.7,54,1009,6.2,111,52,Clouds,scattered clouds
1727776800000,27.8,59,1017,4.6,329,36,Clouds,scattered clouds
1727780400000,25.9,59,1010,5.8,80,37,Clouds,scattered clouds
1727784000000,25.6,64,1014,4.8,78,60,Clouds,scattered clouds
1727787600000,25.3,59,1009,4.8,321,55,Clouds,scattered clouds
1727791200000,21.8,63,1016,4.8,143,50,Clouds,scattered clouds
1727794800000,22,68,1014,4.9,330,49,Clouds,scattered clouds
1727798400000,19,65,1009,4.4,341,44,Clouds,scattered clouds
1727802000000,18,64,1012,3.7,243,52,Clouds,scattered clouds
1727805600000,18.1,70,1010,2.6,70,68,Clouds,scattered clouds
1727809200000,17.1,73,1013,2.2,171,66,Clouds,scattered clouds
1727812800000,17.2,65,1017,2.2,46,51,Clouds,scattered clouds
1727816400000,15.6,75,1012,2.5,110,73,Clouds,scattered clouds
1727820000000,17.4,67,1009,4.4,301,44,Clouds,scattered clouds
1727823600000,16,74,1011,3.5,158,48,Clouds,scattered clouds
1727827200000,18.8,70,1015,5.4,195,47,Clouds,scattered clouds
1727830800000,17.7,73,1014,4.7,14,68,Clouds,scattered clouds
1727834400000,18.8,71,1019,4.5,347,51,Clouds,scattered clouds
1727838000000,19.4,65,1009,6.1,111,61,Clouds,scattered clouds
1727841600000,19.6,70,1013,5,171,64,Clouds,scattered clouds
1727845200000,20.3,66,1010,5.9,80,42,Clouds,scattered clouds
1727848800000,22.3,68,1019,6.2,255,66,Clouds,scattered clouds
1727852400000,22.7,67,1012,5.2,303,66,Clouds,scattered clouds
1727856000000,21.4,64,1016,5.1,143,50,Clouds,scattered clouds
1727859600000,19.7,71,1014,5.2,330,51,Clouds,scattered clouds
1727863200000,20.6,59,1013,5,152,40,Clouds,scattered clouds
1727866800000,18.7,62,1019,4.1,314,45,Clouds,scattered clouds
1727870400000,16.9,68,1009,4.4,111,63,Clouds,scattered clouds
1727874000000,16.8,65,1016,3.3,109,46,Clouds,scattered clouds
1727877600000,14.7,70,1011,2.4,318,67,Clouds,scattered clouds
1727881200000,14.8,77,1014,2.4,78,71,Clouds,scattered clouds
1727884800000,11.4,76,1009,3,321,69,Clouds,scattered clouds
1727888400000,10.2,76,1017,2.9,226,59,Clouds,scattered clouds
1727892000000,10.4,77,1017,4.5,54,65,Clouds,scattered clouds
1727895600000,10.6,76,1009,4.9,341,52,Clouds,scattered clouds
1727899200000,8.2,80,1017,4.2,197,65,Clouds,scattered clouds
1727902800000,8.2,82,1010,4.6,70,78,Clouds,overcast clouds
1727906400000,9.3,83,1013,4.9,171,74,Clouds,scattered clouds
1727910000000,8.8,77,1017,5.1,257,67,Clouds,scattered clouds
1727913600000,9.2,83,1012,4.7,110,79,Clouds,overcast clouds
1727917200000,9.1,83,1012,5.4,303,79,Clouds,overcast clouds
1727920800000,11,80,1011,4.6,158,53,Clouds,scattered clouds
1727924400000,9.9,81,1015,5.9,195,56,Clouds,scattered clouds
1727928000000,10.4,72,1013,5.3,152,49,Clouds,scattered clouds
1727931600000,11.6,80,1019,3.7,347,58,Clouds,scattered clouds
1727935200000,13.9,72,1009,4.7,111,66,Clouds,scattered clouds
1727938800000,11.3,79,1017,2.7,329,52,Clouds,scattered clouds
1727942400000,12.4,76,1010,3.4,80,50,Clouds,scattered clouds
1727946000000,10.1,82,1014,2,78,75,Clouds,scattered clouds
1727949600000,10.1,78,1009,2.6,321,70,Clouds,scattered clouds
1727953200000,10.3,77,1016,3.4,143,61,Clouds,scattered clouds
1727956800000,9.3,83,1014,4.3,330,61,Clouds,scattered clouds
1727960400000,7.4,75,1013,4.9,152,52,Clouds,scattered clouds
1727964000000,4.3,82,1015,3.9,112,73,Clouds,scattered clouds
1727967600000,3.1,86,1012,4.7,291,71,Clouds,scattered clouds
1727971200000,3.9,80,1016,5.4,109,58,Clouds,scattered clouds
1727974800000,2.5,85,1011,5.2,318,79,Clouds,overcast clouds
1727978400000,0.4,84,1012,6,169,64,Clouds,scattered clouds
1727982000000,-0.1,84,1013,5.1,106,75,Clouds,scattered clouds
1727985600000,0.4,88,1017,4.4,226,68,Clouds,scattered clouds
1727989200000,-0.1,93,1017,6.2,339,75,Snow,light snow showers
1727992800000,-1.1,90,1009,5.3,341,63,Snow,light snow showers
1727996400000,0.2,89,1017,4,197,72,Snow,light snow showers
1728000000000,-1,84,1017,4.3,137,59,Clouds,scattered clouds
1728003600000,0,84,1012,3.8,238,56,Clouds,scattered clouds
1728007200000,-0.6,86,1007,2.6,293,62,Clouds,scattered clouds
1728010800000,0.4,94,1009,3.8,50,75,Snow,light snow showers
1728014400000,1.6,88,1010,2.8,168,66,Snow,light snow showers
1728018000000,3.3,83,1012,2.6,327,60,Clouds,scattered clouds
1728021600000,1.8,86,1009,4.3,139,69,Clouds,scattered clouds
1728025200000,1.1,86,1014,3.3,36,69,Clouds,scattered clouds
1728028800000,3.4,86,1011,4,61,71,Clouds,scattered clouds
1728032400000,1,85,1007,4.2,261,76,Clouds,overcast clouds
1728036000000,0.4,85,1014,5,271,73,Clouds,scattered clouds
1728039600000,-1.1,87,1011,5.3,354,74,Clouds,scattered clouds
1728043200000,-0.8,87,1015,4.6,0,59,Clouds,scattered clouds
1728046800000,-3.8,97,1011,4.6,36,67,Snow,light snow showers
1728050400000,-5.6,93,1012,5.1,327,69,Snow,light snow showers
1728054000000,-6.3,93,1018,6,277,63,Snow,light snow showers
1728057600000,-6.8,97,1016,4.7,211,78,Snow,light snow showers
1728061200000,-9.1,95,1009,4.3,159,86,Snow,light snow showers
1728064800000,-8.8,97,1013,4.6,144,86,Snow,light snow showers
1728068400000,-11.6,97,1009,4.4,135,76,Snow,light snow showers
1728072000000,-12,97,1011,4.3,188,79,Snow,light snow showers
1728075600000,-10.5,97,1008,3.9,110,88,Snow,light snow showers
1728079200000,-11.3,97,1010,3.2,62,86,Snow,light snow showers
1728082800000,-11.1,97,1014,2.3,81,72,Snow,light snow showers
1728086400000,-11.3,97,1007,3.9,86,74,Snow,light snow showers
1728090000000,-11.3,97,1013,3.2,31,83,Snow,light snow showers
1728093600000,-8.9,97,1010,3.2,107,89,Snow,light snow showers
1728097200000,-10.6,97,1010,3.8,70,90,Snow,light snow showers
1728100800000,-10,96,1012,4.7,238,65,Snow,light snow showers
1728104400000,-7.4,95,1007,4.2,293,69,Snow,light snow showers
1728108000000,-7.4,95,1015,4.5,0,66,Snow,light snow showers
1728111600000,-9.2,97,1010,5.7,168,73,Snow,light snow showers
1728115200000,-10,97,1012,5.1,327,72,Snow,light snow showers
1728118800000,-8.1,97,1009,5.1,330,70,Snow,light snow showers
1728122400000,-8.8,97,1014,4.7,36,78,Snow,light snow showers
1728126000000,-11.6,97,1009,4.5,159,87,Snow,light snow showers
1728129600000,-12,97,1013,4.8,144,86,Snow,light snow showers
1728133200000,-12,97,1014,4.6,271,82,Snow,light snow showers
1728136800000,-12,97,1011,4.2,354,82,Snow,light snow showers
1728140400000,-12,97,1015,3,0,67,Snow,light snow showers
1728144000000,-12,97,1014,4,343,83,Snow,light snow showers
1728147600000,-12,97,1014,2.6,81,72,Snow,light snow showers
1728151200000,-12,97,1018,3.3,277,66,Snow,light snow showers
1728154800000,-12,97,1016,2.7,211,78,Snow,light snow showers
1728158400000,-12,97,1010,2.9,107,89,Snow,light snow showers
1728162000000,-12,97,1012,4.4,152,79,Snow,light snow showers
1728165600000,-12,97,1009,4.7,135,76,Snow,light snow showers
1728169200000,-12,97,1017,4.2,46,76,Snow,light snow showers
1728172800000,-12,97,1008,5.7,110,88,Snow,light snow showers
1728176400000,-12,97,1010,5.6,62,86,Snow,light snow showers
1728180000000,-12,97,1017,5.1,114,83,Snow,light snow showers
1728183600000,-11,97,1007,6.3,86,74,Snow,light snow showers
1728187200000,-10.1,97,1014,5.3,14,87,Snow,light snow showers
1728190800000,-11.2,97,1010,4.6,107,89,Snow,light snow showers
1728194400000,-10.4,97,1010,4.5,70,90,Snow,light snow showers
1728198000000,-9.4,97,1013,4.4,171,85,Snow,light snow showers
1728201600000,-9,97,1007,3.7,293,70,Snow,light snow showers
1728205200000,-10.9,97,1015,3.4,0,67,Snow,light snow showers
1728208800000,-11.7,97,1011,2.8,36,67,Snow,light snow showers
1728212400000,-12,97,1012,2.8,327,72,Snow,light snow showers
1728216000000,-12,97,1018,3.3,277,66,Snow,light snow showers
1728219600000,-12,97,1016,2.2,211,78,Snow,light snow showers
1728223200000,-12,97,1009,2.6,159,87,Snow,light snow showers
1728226800000,-12,97,1013,3.6,144,86,Snow,light snow showers
1728230400000,-12,97,1014,4.2,271,82,Snow,light snow showers
1728234000000,-12,97,1011,5,188,79,Snow,light snow showers
1728237600000,-12,97,1008,5.5,110,88,Snow,light snow showers
1728241200000,-12,97,1014,5.8,343,83,Snow,light snow showers
1728244800000,-12,97,1014,5.1,81,72,Snow,light snow showers
1728248400000,-12,97,1007,6.3,86,74,Snow,light snow showers
1728252000000,-12,97,1013,5.1,31,83,Snow,light snow showers
1728255600000,-12,97,1010,4.7,107,89,Snow,light snow showers
1728259200000,-12,97,1010,4.7,70,90,Snow,light snow showers
1728262800000,-12,97,1009,5.3,135,76,Snow,light snow showers
1728266400000,-12,97,1017,4.2,46,76,Snow,light snow showers
1728270000000,-10.4,97,1011,4.8,162,66,Snow,light snow showers
1728273600000,-10.1,97,1010,4.3,62,86,Snow,light snow showers
1728277200000,-10.8,97,1011,3,158,66,Snow,light snow showers
1728280800000,-8.6,97,1007,4,86,74,Snow,light snow showers
1728284400000,-9.6,97,1014,2.5,14,87,Snow,light snow showers
1728288000000,-10.4,97,1019,2.1,347,72,Snow,light snow showers
1728291600000,-9.3,97,1010,2.7,70,90,Snow,light snow showers
1728295200000,-12,97,1013,3.3,171,85,Snow,light snow showers
1728298800000,-12,97,1018,4,198,76,Snow,light snow showers
1728302400000,-12,97,1015,3.8,0,67,Snow,light snow showers
1728306000000,-12,97,1014,5.6,343,83,Snow,light snow showers
1728309600000,-12,97,1014,4.9,81,72,Snow,light snow showers
1728313200000,-12,97,1018,6,277,66,Snow,light snow showers
1728316800000,-12,97,1016,5,211,78,Snow,light snow showers
1728320400000,-12,97,1009,4.9,159,87,Snow,light snow showers
1728324000000,-12,97,1012,5.7,152,79,Snow,light snow showers
1728327600000,-12,97,1009,5.5,135,76,Snow,light snow showers
1728331200000,-12,97,1011,5.5,188,79,Snow,light snow showers
1728334800000,-12,97,1008,5.4,110,88,Snow,light snow showers
1728338400000,-12,97,1010,4.7,62,86,Snow,light snow showers
1728342000000,-12,97,1017,3.7,114,83,Snow,light snow showers
1728345600000,-12,97,1007,4.4,86,74,Snow,light snow showers
1728349200000,-12,97,1014,2.9,14,87,Snow,light snow showers
1728352800000,-12,97,1010,1.8,107,89,Snow,light snow showers
1728356400000,-10.5,97,1010,2.3,70,90,Snow,light snow showers
1728360000000,-8.9,97,1016,4.2,23,90,Snow,light snow showers
1728363600000,-10.7,97,1017,3.2,46,76,Snow,light snow showers
1728367200000,-8.1,97,1012,3.5,110,90,Snow,light snow showers
1728370800000,-8.8,97,1010,4.9,62,86,Snow,light snow showers
1728374400000,-9,97,1011,4.3,158,66,Snow,light snow showers
1728378000000,-10.2,97,1015,6.1,195,69,Snow,light snow showers
1728381600000,-11.4,97,1014,5.2,14,87,Snow,light snow showers
1728385200000,-10.8,97,1019,4.8,347,72,Snow,light snow showers
1728388800000,-12,97,1014,6.3,173,74,Snow,light snow showers
1728392400000,-12,97,1013,4.9,171,85,Snow,light snow showers
1728396000000,-12,97,1010,5.7,80,67,Snow,light snow showers
1728399600000,-12,97,1019,5.8,255,89,Snow,light snow showers
1728403200000,-12,97,1014,5.4,343,83,Snow,light snow showers
1728406800000,-12,97,1014,4.1,81,72,Snow,light snow showers
1728410400000,-12,97,1018,4.5,277,66,Snow,light snow showers
1728414000000,-12,97,1013,3.1,31,83,Snow,light snow showers
1728417600000,-12,97,1010,2.2,107,89,Snow,light snow showers
1728421200000,-12,97,1012,2.8,152,79,Snow,light snow showers
1728424800000,-12,97,1009,3.1,135,76,Snow,light snow showers
1728428400000,-12,97,1017,2.8,46,76,Snow,light snow showers
1728432000000,-12,97,1011,4.2,162,66,Snow,light snow showers
1728435600000,-12,97,1010,4.6,62,86,Snow,light snow showers
1728439200000,-11.5,97,1011,4,158,66,Snow,light snow showers
1728442800000,-10,97,1007,5.8,86,74,Snow,light snow showers
1728446400000,-10.6,97,1014,5.1,14,87,Snow,light snow showers
1728450000000,-8.1,95,1012,5.5,243,77,Snow,light snow showers
1728453600000,-7.7,97,1010,4.9,70,90,Snow,light snow showers
1728457200000,-7.5,97,1013,5,171,85,Snow,light snow showers
1728460800000,-10,97,1017,4.8,46,76,Snow,light snow showers
1728464400000,-8.8,97,1012,4.4,110,90,Snow,light snow showers
1728468000000,-11.6,97,1012,4.9,303,90,Snow,light snow showers
1728471600000,-11.7,97,1011,4,158,66,Snow,light snow showers
1728475200000,-12,97,1015,5.2,195,69,Snow,light snow showers
1728478800000,-12,97,1019,2.9,303,84,Snow,light snow showers
1728482400000,-12,97,1019,2.7,347,72,Snow,light snow showers
1728486000000,-12,97,1009,3.7,111,86,Snow,light snow showers
1728489600000,-12,97,1017,1.7,329,67,Snow,light snow showers
1728493200000,-12,97,1010,3.4,80,67,Snow,light snow showers
1728496800000,-12,97,1019,4.3,255,89,Snow,light snow showers
1728500400000,-12,97,1014,4.7,343,83,Snow,light snow showers
1728504000000,-12,97,1017,4,114,83,Snow,light snow showers
1728507600000,-12,97,1007,5.6,86,74,Snow,light snow showers
1728511200000,-12,97,1013,4.7,31,83,Snow,light snow showers
1728514800000,-12,97,1010,4.5,107,89,Snow,light snow showers
1728518400000,-12,97,1010,4.8,70,90,Snow,light snow showers
1728522000000,-12,97,1016,6.3,23,90,Snow,light snow showers
1728525600000,-12,97,1017,4.9,46,76,Snow,light snow showers
1728529200000,-11.5,97,1012,4.6,110,90,Snow,light snow showers
1728532800000,-11.1,97,1010,5.5,62,86,Snow,light snow showers
1728536400000,-10.2,97,1011,4.3,158,66,Snow,light snow showers
1728540000000,-9.8,97,1013,5.5,299,80,Snow,light snow showers
1728543600000,-9,97,1014,4.1,14,87,Snow,light snow showers
1728547200000,-8.3,97,1019,3.1,347,72,Snow,light snow showers
1728550800000,-9.9,97,1010,2.7,70,90,Snow,light snow showers
1728554400000,-9.2,97,1013,2.4,171,85,Snow,light snow showers
1728558000000,-12,97,1010,3,80,67,Snow,light snow showers
1728561600000,-11.5,97,1012,2.3,110,90,Snow,light snow showers
1728565200000,-12,97,1012,3.5,303,90,Snow,light snow showers
1728568800000,-12,97,1008,4.9,91,90,Snow,light snow showers
1728572400000,-12,97,1015,5.3,195,69,Snow,light snow showers
1728576000000,-12,97,1013,5.4,152,70,Snow,light snow showers
1728579600000,-12,97,1019,5.2,314,73,Snow,light snow showers
1728583200000,-12,97,1009,6.1,111,86,Snow,light snow showers
1728586800000,-12,97,1017,4.6,329,67,Snow,light snow showers
1728590400000,-12,97,1010,5.9,80,67,Snow,light snow showers
1728594000000,-12,97,1014,5,78,87,Snow,light snow showers
1728597600000,-12,97,1009,5,321,85,Snow,light snow showers
1728601200000,-12,97,1017,4.8,114,83,Snow,light snow showers
1728604800000,-12,97,1007,5.7,86,74,Snow,light snow showers
1728608400000,-12,97,1014,4.4,14,87,Snow,light snow showers
1728612000000,-9.9,97,1012,4.2,243,78,Snow,light snow showers
1728615600000,-10.4,97,1010,3.1,70,90,Snow,light snow showers
1728619200000,-9.7,97,1013,2.8,171,85,Snow,light snow showers
1728622800000,-9.7,97,1017,2.2,46,76,Snow,light snow showers
1728626400000,-7.3,97,1012,1.9,110,90,Snow,light snow showers
1728630000000,-8.3,97,1009,3.9,301,68,Snow,light snow showers
1728633600000,-8.8,97,1011,3,158,66,Snow,light snow showers
1728637200000,-7.7,97,1015,5,195,69,Snow,light snow showers
1728640800000,-7.5,97,1014,4.3,14,87,Snow,light snow showers
1728644400000,-10.6,97,1019,4.2,347,72,Snow,light snow showers
1728648000000,-9.7,97,1009,5.9,111,86,Snow,light snow showers
1728651600000,-10.9,97,1013,4.8,171,85,Snow,light snow showers
1728655200000,-12,97,1010,5.8,80,67,Snow,light snow showers
1728658800000,-12,97,1019,6.3,255,89,Snow,light snow showers
1728662400000,-12,97,1012,5.4,303,90,Snow,light snow showers
1728666000000,-12,97,1016,5.3,143,77,Snow,light snow showers
1728669600000,-12,97,1014,5.6,330,72,Snow,light snow showers
1728673200000,-12,97,1013,5.4,152,70,Snow,light snow showers
1728676800000,-12,97,1019,4.6,314,73,Snow,light snow showers
1728680400000,-12,97,1009,4.9,111,86,Snow,light snow showers
1728684000000,-12,97,1016,3.9,109,72,Snow,light snow showers
1728687600000,-12,97,1011,3,318,88,Snow,light snow showers
1728691200000,-12,97,1014,2.2,78,87,Snow,light snow showers
1728694800000,-12,97,1009,2.5,321,85,Snow,light snow showers
1728698400000,-10.9,97,1017,2.3,226,75,Snow,light snow showers
1728702000000,-9.7,97,1013,4.6,299,80,Snow,light snow showers
1728705600000,-8.2,97,1014,4,14,87,Snow,light snow showers
1728709200000,-7.5,97,1019,3.9,347,72,Snow,light snow showers
1728712800000,-8.1,97,1010,4.3,70,90,Snow,light snow showers
1728716400000,-6.3,97,1013,4.7,171,85,Snow,light snow showers
1728720000000,-6.6,96,1017,4.9,257,82,Snow,light snow showers
1728723600000,-6.5,97,1012,4.6,110,90,Snow,light snow showers
1728727200000,-7.6,97,1012,5.4,303,90,Snow,light snow showers
1728730800000,-8,97,1011,4.8,158,66,Snow,light snow showers
1728734400000,-8.6,97,1015,6.2,195,69,Snow,light snow showers
1728738000000,-11.1,97,1013,5.7,152,70,Snow,light snow showers
1728741600000,-10.4,97,1019,4.1,347,72,Snow,light snow showers
1728745200000,-11.4,97,1009,5.2,111,86,Snow,light snow showers
1728748800000,-12,97,1017,3.2,329,67,Snow,light snow showers
1728752400000,-12,97,1010,4,80,67,Snow,light snow showers
1728756000000,-12,97,1014,2.6,78,87,Snow,light snow showers
1728759600000,-12,97,1009,2.3,321,85,Snow,light snow showers
1728763200000,-12,97,1016,2.8,143,77,Snow,light snow showers
1728766800000,-12,97,1014,3.8,330,72,Snow,light snow showers
1728770400000,-12,97,1013,4.4,152,70,Snow,light snow showers
1728774000000,-12,97,1015,3.5,112,85,Snow,light snow showers
1728777600000,-12,97,1012,4.4,291,80,Snow,light snow showers
1728781200000,-10.7,97,1016,5.2,109,72,Snow,light snow showers
1728784800000,-8.8,97,1011,5,318,88,Snow,light snow showers
1728788400000,-8.9,95,1012,5.9,169,72,Snow,light snow showers
1728792000000,-8.7,94,1013,5.1,106,83,Snow,light snow showers
1728795600000,-7.2,97,1017,4.5,226,75,Snow,light snow showers
1728799200000,-5.2,97,1017,6.4,339,78,Snow,light snow showers
1728802800000,-6.5,97,1014,5.1,14,87,Snow,light snow showers
1728806400000,-7.2,97,1019,4.4,347,72,Snow,light snow showers
1728810000000,-4.9,91,1015,5.7,149,63,Snow,light snow showers
1728813600000,-7.1,97,1013,3.9,171,85,Snow,light snow showers
1728817200000,-7.8,97,1010,4.4,80,67,Snow,light snow showers
1728820800000,-9.1,97,1012,2.7,110,90,Snow,light snow showers
1728824400000,-10.6,97,1012,3,303,90,Snow,light snow showers
1728828000000,-11.1,97,1016,2.5,143,77,Snow,light snow showers
1728831600000,-12,97,1015,3.8,195,69,Snow,light snow showers
1728835200000,-12,97,1013,4,152,70,Snow,light snow showers
1728838800000,-12,97,1019,4,314,73,Snow,light snow showers
1728842400000,-12,97,1009,5.1,111,86,Snow,light snow showers
1728846000000,-12,97,1016,4.9,109,72,Snow,light snow showers
1728849600000,-12,97,1011,4.7,318,88,Snow,light snow showers
1728853200000,-12,97,1014,4.7,78,87,Snow,light snow showers
1728856800000,-12,97,1009,5.1,321,85,Snow,light snow showers
1728860400000,-12,97,1016,5.5,143,77,Snow,light snow showers
1728864000000,-11.2,97,1017,5.8,54,81,Snow,light snow showers
1728867600000,-10.8,97,1009,5.7,341,69,Snow,light snow showers
1728871200000,-9.9,97,1015,4.5,112,85,Snow,light snow showers
1728874800000,-6.9,97,1012,4.8,291,80,Snow,light snow showers
1728878400000,-8.2,97,1016,4.8,33,74,Snow,light snow showers
1728882000000,-7.1,97,1019,4.5,130,75,Snow,light snow showers
1728885600000,-4.1,89,1012,4.5,169,68,Snow,light snow showers
1728889200000,-5.9,91,1018,4.1,51,72,Snow,light snow showers
1728892800000,-4.9,94,1017,2,226,73,Snow,light snow showers
1728896400000,-6.1,97,1017,3.5,339,78,Snow,light snow showers
1728900000000,-4.3,92,1012,3.7,118,83,Snow,light snow showers
1728903600000,-4.7,97,1019,2.8,347,72,Snow,light snow showers
1728907200000,-7.1,97,1009,4.7,111,86,Snow,light snow showers
1728910800000,-8.3,97,1013,3.9,171,85,Snow,light snow showers
1728914400000,-9.9,97,1010,5.1,80,67,Snow,light snow showers
1728918000000,-9,97,1014,4.5,78,87,Snow,light snow showers
1728921600000,-11.1,97,1012,5.2,303,90,Snow,light snow showers
1728925200000,-12,97,1016,5.4,143,77,Snow,light snow showers
1728928800000,-11.2,97,1014,5.9,330,72,Snow,light snow showers
1728932400000,-10.7,97,1013,6,152,70,Snow,light snow showers
1728936000000,-12,97,1015,4.7,112,85,Snow,light snow showers
1728939600000,-10.6,97,1012,5,291,80,Snow,light snow showers
1728943200000,-10,97,1016,5.2,109,72,Snow,light snow showers
1728946800000,-9.2,97,1011,4.4,318,88,Snow,light snow showers
1728950400000,-10.7,97,1014,3.8,78,87,Snow,light snow showers
1728954000000,-7.9,93,1013,3.4,106,82,Snow,light snow showers
1728957600000,-6.1,96,1017,2.4,226,74,Snow,light snow showers
1728961200000,-6.7,97,1017,3.2,54,81,Snow,light snow showers
1728964800000,-4.3,93,1009,2.8,341,67,Snow,light snow showers
1728968400000,-4.9,95,1017,2.4,197,77,Snow,light snow showers
1728972000000,-4.2,97,1010,3,184,83,Snow,light snow showers
1728975600000,-3.1,97,1016,4.1,33,74,Snow,light snow showers
1728979200000,-2,96,1017,3.7,114,71,Snow,light snow showers
1728982800000,-1.3,86,1012,5.3,169,65,Clouds,scattered clouds
1728986400000,-2.8,87,1018,5.6,51,69,Clouds,scattered clouds
1728990000000,-3.3,97,1016,5.3,224,75,Snow,light snow showers
1728993600000,-4,97,1017,6.4,339,78,Snow,light snow showers
1728997200000,-4.3,96,1019,6.3,18,65,Snow,light snow showers
1729000800000,-5.3,97,1009,5.4,80,72,Snow,light snow showers
1729004400000,-7.4,96,1007,4.8,261,84,Snow,light snow showers
1729008000000,-6,92,1014,5.2,271,79,Snow,light snow showers
1729011600000,-8.4,96,1007,4.1,293,70,Snow,light snow showers
1729015200000,-8.7,96,1015,3.8,0,67,Snow,light snow showers
1729018800000,-9.3,97,1011,3.3,36,67,Snow,light snow showers
1729022400000,-9.8,97,1012,3.4,327,72,Snow,light snow showers
1729026000000,-9.3,96,1018,3.9,277,65,Snow,light snow showers
1729029600000,-6.9,97,1016,2.3,211,78,Snow,light snow showers
1729033200000,-5.6,91,1009,2,159,82,Snow,light snow showers
1729036800000,-5.8,97,1013,3.1,144,86,Snow,light snow showers
1729040400000,-3.7,89,1014,3.6,271,76,Snow,light snow showers
1729044000000,-2.2,91,1011,4.5,188,74,Snow,light snow showers
1729047600000,-3.1,90,1008,5,110,82,Snow,light snow showers
1729051200000,0.1,83,1014,5.5,343,72,Clouds,scattered clouds
1729054800000,0.5,93,1014,4.8,81,69,Snow,light snow showers
1729058400000,0,89,1007,6.1,86,67,Snow,light snow showers
1729062000000,2.6,86,1013,5.1,31,73,Clouds,scattered clouds
1729065600000,2,87,1010,4.7,107,81,Clouds,overcast clouds
1729069200000,2.7,88,1010,4.8,70,83,Clouds,overcast clouds
1729072800000,1.1,86,1009,5.5,135,68,Clouds,scattered clouds
1729076400000,1.3,85,1017,4.5,46,66,Clouds,scattered clouds
1729080000000,-0.4,90,1011,5.2,162,60,Snow,light snow showers
1729083600000,-0.8,94,1010,4.8,62,84,Snow,light snow showers
1729087200000,-1.1,95,1011,3.5,158,65,Snow,light snow showers
1729090800000,-0.6,90,1007,4.5,86,68,Snow,light snow showers
1729094400000,-2.9,97,1014,3.1,14,87,Snow,light snow showers
1729098000000,-4.3,97,1019,2.1,347,72,Snow,light snow showers
1729101600000,-2.2,89,1007,2.2,261,79,Snow,light snow showers
1729105200000,-3.9,90,1014,3.2,271,77,Snow,light snow showers
1729108800000,-3.9,90,1011,3.7,354,76,Snow,light snow showers
1729112400000,-4,91,1015,3.4,0,62,Snow,light snow showers
1729116000000,-1.5,85,1014,5.2,343,74,Clouds,scattered clouds
1729119600000,-2.2,96,1014,4.6,81,71,Snow,light snow showers
1729123200000,-1.5,87,1018,5.7,277,58,Clouds,scattered clouds
1729126800000,0.5,89,1016,4.8,211,72,Snow,light snow showers
1729130400000,2.7,81,1009,4.8,159,74,Clouds,scattered clouds
1729134000000,3,83,1012,5.8,152,68,Clouds,scattered clouds
1729137600000,5.7,81,1009,5.6,135,63,Clouds,scattered clouds
1729141200000,4.8,83,1011,5.7,188,68,Clouds,scattered clouds
1729144800000,7.7,77,1008,5.7,110,72,Clouds,scattered clouds
1729148400000,7.7,84,1010,5.1,62,75,Clouds,scattered clouds
1729152000000,8.2,85,1017,4.1,114,74,Clouds,scattered clouds
1729155600000,8.4,79,1007,4.9,86,59,Clouds,scattered clouds
1729159200000,7.8,85,1014,3.5,14,78,Clouds,overcast clouds
1729162800000,7,81,1010,2.4,107,76,Clouds,overcast clouds
1729166400000,8.3,82,1010,2.1,70,78,Clouds,overcast clouds
1729170000000,5.4,87,1016,3.6,23,81,Clouds,overcast clouds
1729173600000,4.8,80,1017,2.7,46,63,Clouds,scattered clouds
1729177200000,6.3,86,1012,2.9,110,82,Clouds,overcast clouds
1729180800000,3.6,89,1010,4.5,62,79,Clouds,overcast clouds
1729184400000,3.8,89,1011,3.9,158,60,Clouds,scattered clouds
1729188000000,2.3,90,1015,5.8,195,63,Clouds,scattered clouds
1729191600000,4.6,88,1014,5,14,81,Clouds,overcast clouds
1729195200000,5.1,88,1019,4.7,347,64,Clouds,scattered clouds
1729198800000,3.8,83,1014,6.3,173,63,Clouds,scattered clouds
1729202400000,4.3,80,1014,5.5,271,69,Clouds,scattered clouds
1729206000000,4.5,83,1011,5.9,188,68,Clouds,scattered clouds
1729209600000,7.6,77,1008,5.9,110,72,Clouds,scattered clouds
1729213200000,7.7,74,1014,5.8,343,65,Clouds,scattered clouds
1729216800000,8.7,83,1014,4.5,81,61,Clouds,scattered clouds
1729220400000,11.6,71,1018,5,277,45,Clouds,scattered clouds
1729224000000,13.2,73,1013,3.7,31,63,Clouds,scattered clouds
1729227600000,13,74,1010,2.8,107,70,Clouds,scattered clouds
1729231200000,15.8,68,1012,3.4,152,55,Clouds,scattered clouds
1729234800000,16.7,68,1009,2.8,135,53,Clouds,scattered clouds
1729238400000,17.2,65,1017,2.3,46,51,Clouds,scattered clouds
1729242000000,15,72,1011,3.7,162,45,Clouds,scattered clouds
1729245600000,16.7,73,1010,4.1,62,67,Clouds,scattered clouds
1729249200000,17.1,73,1011,3.6,158,47,Clouds,scattered clouds
1729252800000,14.9,71,1007,5.4,86,53,Clouds,scattered clouds
1729256400000,15.7,75,1014,4.8,14,70,Clouds,scattered clouds
1729260000000,15.1,68,1012,5.3,243,55,Clouds,scattered clouds
1729263600000,12.8,76,1010,4.7,70,73,Clouds,scattered clouds
1729267200000,12.8,78,1013,5,171,70,Clouds,scattered clouds
1729270800000,13.2,70,1017,4.9,46,54,Clouds,scattered clouds
1729274400000,13.7,78,1012,4.6,110,74,Clouds,scattered clouds
1729278000000,12.4,79,1012,5.2,303,76,Clouds,overcast clouds
1729281600000,12.7,78,1011,4.4,158,51,Clouds,scattered clouds
1729285200000,13.2,77,1015,5.6,195,53,Clouds,scattered clouds
1729288800000,14.6,70,1019,3.4,303,63,Clouds,scattered clouds
1729292400000,15.5,75,1019,3.3,347,54,Clouds,scattered clouds
1729296000000,15,71,1009,4.3,111,65,Clouds,scattered clouds
1729299600000,19,70,1017,2.2,329,45,Clouds,scattered clouds
1729303200000,18.7,66,1011,3,188,54,Clouds,scattered clouds
1729306800000,20.2,62,1008,3.5,110,60,Clouds,scattered clouds
1729310400000,21.2,58,1014,4.1,343,52,Clouds,scattered clouds
1729314000000,21.9,68,1017,3.5,114,60,Clouds,scattered clouds
1729317600000,23.2,61,1007,5.1,86,45,Clouds,scattered clouds
1729321200000,25.8,58,1013,4.3,31,51,Clouds,scattered clouds
1729324800000,26.8,57,1010,4.2,107,57,Clouds,scattered clouds
1729328400000,25.9,60,1010,4.6,70,61,Clouds,scattered clouds
1729332000000,25.5,62,1016,6.2,23,62,Clouds,scattered clouds
1729335600000,26.8,54,1017,4.9,46,41,Clouds,scattered clouds
1729339200000,24.3,65,1012,4.7,110,64,Clouds,scattered clouds
1729342800000,25.8,62,1010,5.7,62,58,Clouds,scattered clouds
1729346400000,24.5,64,1011,4.6,158,40,Clouds,scattered clouds
1729350000000,22.6,60,1013,5.9,299,51,Clouds,scattered clouds
1729353600000,23.9,65,1014,4.5,14,62,Clouds,scattered clouds
1729357200000,22.5,67,1019,3.6,347,47,Clouds,scattered clouds
1729360800000,23,64,1010,3.3,70,64,Clouds,scattered clouds
1729364400000,21.5,68,1013,3,171,62,Clouds,scattered clouds
1729368000000,21.6,65,1010,3.4,80,41,Clouds,scattered clouds
1729371600000,22.1,67,1012,1.7,110,66,Clouds,scattered clouds
1729375200000,25.2,64,1012,3,303,64,Clouds,scattered clouds
1729378800000,24.2,62,1008,4.4,91,62,Clouds,scattered clouds
1729382400000,26.2,61,1015,4.8,195,40,Clouds,scattered clouds
1729386000000,26.6,52,1013,4.9,152,34,Clouds,scattered clouds
1729389600000,27.6,51,1019,4.8,314,37,Clouds,scattered clouds
1729393200000,30.3,52,1009,5.8,111,50,Clouds,scattered clouds
1729396800000,31.6,55,1017,4.4,329,33,Clouds,scattered clouds
1729400400000,31.6,50,1011,5.8,188,42,Clouds,scattered clouds
1729404000000,32.5,50,1011,5.8,162,28,Clouds,scattered clouds
1729407600000,35.1,51,1010,5.7,62,49,Clouds,scattered clouds
1729411200000,34.6,53,1017,5,114,48,Clouds,scattered clouds
1729414800000,34.4,47,1007,6,86,34,Clouds,scattered clouds
1729418400000,36,51,1014,4.8,14,50,Clouds,scattered clouds
1729422000000,36,42,1012,4.7,243,35,Clouds,scattered clouds
1729425600000,34,51,1010,3.6,70,53,Clouds,scattered clouds
1729429200000,35,52,1013,3.4,171,49,Clouds,scattered clouds
1729432800000,32.6,47,1017,2.8,46,36,Clouds,scattered clouds
1729436400000,32,56,1012,2.1,110,57,Clouds,scattered clouds
1729440000000,33.7,48,1009,3.3,301,29,Clouds,scattered clouds
1729443600000,32.4,55,1011,2.4,158,32,Clouds,scattered clouds
1729447200000,32.3,54,1015,4.4,195,34,Clouds,scattered clouds
1729450800000,31.8,56,1014,3.9,14,54,Clouds,scattered clouds
1729454400000,31.7,56,1019,3.7,347,39,Clouds,scattered clouds
1729458000000,34.1,48,1009,5.6,111,46,Clouds,scattered clouds
1729461600000,32.6,55,1013,4.6,171,51,Clouds,scattered clouds
1729465200000,33.7,50,1010,5.7,80,29,Clouds,scattered clouds
1729468800000,36,52,1019,6.2,255,53,Clouds,scattered clouds
1729472400000,36,51,1012,5.4,303,53,Clouds,scattered clouds
1729476000000,36,46,1016,5.5,143,36,Clouds,scattered clouds
1729479600000,36,51,1014,5.8,330,36,Clouds,scattered clouds
1729483200000,36,41,1013,5.7,152,25,Clouds,scattered clouds
1729486800000,36,41,1019,5,314,28,Clouds,scattered clouds
1729490400000,36,45,1009,5.4,111,45,Clouds,scattered clouds
1729494000000,36,42,1016,4.4,109,27,Clouds,scattered clouds
1729497600000,36,45,1011,3.5,318,46,Clouds,scattered clouds
1729501200000,36,46,1011,3.6,162,25,Clouds,scattered clouds
1729504800000,36,50,1010,3.1,62,48,Clouds,scattered clouds
1729508400000,36,50,1011,2,158,29,Clouds,scattered clouds
1729512000000,36,44,1013,4,299,38,Clouds,scattered clouds
1729515600000,36,51,1014,3.5,14,50,Clouds,scattered clouds
1729519200000,35.9,51,1019,3.4,347,35,Clouds,scattered clouds
1729522800000,36,48,1010,3.9,70,51,Clouds,scattered clouds
1729526400000,35.9,51,1013,4.4,171,48,Clouds,scattered clouds
1729530000000,35.3,45,1017,4.7,257,42,Clouds,scattered clouds
1729533600000,32.6,55,1012,4.5,110,56,Clouds,scattered clouds
1729537200000,34.4,53,1012,5.4,303,55,Clouds,scattered clouds
1729540800000,35.2,51,1011,4.8,158,30,Clouds,scattered clouds
1729544400000,34,52,1015,6.3,195,33,Clouds,scattered clouds
1729548000000,36,41,1013,5.9,152,25,Clouds,scattered clouds
1729551600000,36,50,1019,4.4,347,34,Clouds,scattered clouds
1729555200000,36,45,1009,5.6,111,45,Clouds,scattered clouds
1729558800000,36,49,1017,3.7,329,29,Clouds,scattered clouds
1729562400000,36,47,1010,4.5,80,27,Clouds,scattered clouds
1729566000000,36,51,1014,3.2,78,50,Clouds,scattered clouds
1729569600000,36,46,1009,2.9,321,45,Clouds,scattered clouds
1729573200000,36,46,1016,2.7,143,36,Clouds,scattered clouds
1729576800000,36,51,1014,3.2,330,36,Clouds,scattered clouds
1729580400000,36,41,1013,3.8,152,25,Clouds,scattered clouds
1729584000000,36,44,1015,3,112,42,Clouds,scattered clouds
1729587600000,36,46,1012,3.9,291,39,Clouds,scattered clouds
1729591200000,36,42,1016,4.8,109,27,Clouds,scattered clouds
1729594800000,36,45,1011,4.6,318,46,Clouds,scattered clouds
1729598400000,36,41,1012,5.7,169,29,Clouds,scattered clouds
1729602000000,36,45,1009,6,301,26,Clouds,scattered clouds
1729605600000,35.1,51,1011,4.8,158,30,Clouds,scattered clouds
1729609200000,34.3,52,1015,6.3,195,32,Clouds,scattered clouds
1729612800000,35.3,52,1014,5.3,14,51,Clouds,scattered clouds
1729616400000,35.2,51,1019,4.6,347,35,Clouds,scattered clouds
1729620000000,34.3,44,1015,6,149,25,Clouds,scattered clouds
1729623600000,33.2,54,1013,4.3,171,51,Clouds,scattered clouds
1729627200000,35,49,1010,4.9,80,28,Clouds,scattered clouds
1729630800000,33.6,54,1012,3.3,110,55,Clouds,scattered clouds
1729634400000,36,51,1012,3.6,303,53,Clouds,scattered clouds
1729638000000,36,46,1016,3.1,143,36,Clouds,scattered clouds
1729641600000,36,50,1015,3.5,195,31,Clouds,scattered clouds
1729645200000,36,41,1013,3.4,152,25,Clouds,scattered clouds
1729648800000,36,41,1019,3.4,314,28,Clouds,scattered clouds
1729652400000,36,45,1009,4.5,111,45,Clouds,scattered clouds
1729656000000,36,42,1016,4.4,109,27,Clouds,scattered clouds
1729659600000,36,45,1011,4.4,318,46,Clouds,scattered clouds
1729663200000,36,51,1014,4.4,78,50,Clouds,scattered clouds
1729666800000,36,46,1009,4.9,321,45,Clouds,scattered clouds
1729670400000,36,46,1016,5.3,143,36,Clouds,scattered clouds
1729674000000,36,46,1017,5.8,54,40,Clouds,scattered clouds
1729677600000,36,45,1009,5.8,341,28,Clouds,scattered clouds
1729681200000,36,44,1015,4.7,112,42,Clouds,scattered clouds
1729684800000,36,46,1012,5,291,39,Clouds,scattered clouds
1729688400000,36,51,1016,5.2,33,38,Clouds,scattered clouds
1729692000000,35.6,47,1019,4.9,130,35,Clouds,scattered clouds
1729695600000,33.8,44,1012,5,169,31,Clouds,scattered clouds
1729699200000,34.8,42,1018,4.6,51,33,Clouds,scattered clouds
1729702800000,33,54,1011,2.9,158,32,Clouds,scattered clouds
1729706400000,32.1,54,1015,3.9,195,35,Clouds,scattered clouds
1729710000000,33.6,46,1012,3.3,118,46,Clouds,scattered clouds
1729713600000,34.7,52,1019,2.2,347,36,Clouds,scattered clouds
1729717200000,33.1,49,1009,4.2,111,47,Clouds,scattered clouds
1729720800000,35.5,51,1013,3.4,171,49,Clouds,scattered clouds
1729724400000,34.7,49,1010,4.7,80,28,Clouds,scattered clouds
1729728000000,36,51,1014,4.2,78,50,Clouds,scattered clouds
1729731600000,36,51,1012,4.9,303,53,Clouds,scattered clouds
1729735200000,36,46,1016,5.2,143,36,Clouds,scattered clouds
1729738800000,36,51,1014,5.8,330,36,Clouds,scattered clouds
1729742400000,36,41,1013,6,152,25,Clouds,scattered clouds
1729746000000,36,44,1015,4.7,112,42,Clouds,scattered clouds
1729749600000,36,46,1012,5.2,291,39,Clouds,scattered clouds
1729753200000,36,42,1016,5.5,109,27,Clouds,scattered clouds
1729756800000,36,45,1011,4.8,318,46,Clouds,scattered clouds
1729760400000,36,51,1014,4.2,78,50,Clouds,scattered clouds
1729764000000,36,40,1013,3.9,106,40,Clouds,scattered clouds
1729767600000,36,45,1017,3,226,34,Clouds,scattered clouds
1729771200000,36,46,1017,3.8,54,40,Clouds,scattered clouds
1729774800000,36,45,1009,3.3,341,28,Clouds,scattered clouds
1729778400000,36,46,1017,1.8,197,38,Clouds,scattered clouds
1729782000000,35,51,1010,2.4,184,47,Clouds,scattered clouds
1729785600000,32.9,55,1016,3.6,33,40,Clouds,scattered clouds
1729789200000,33.8,53,1017,3.2,114,37,Clouds,scattered clouds
1729792800000,32.4,46,1012,4.9,169,33,Clouds,scattered clouds
1729796400000,31.5,46,1018,5.3,51,36,Clouds,scattered clouds
1729800000000,33,47,1009,5.7,310,30,Clouds,scattered clouds
1729803600000,33.9,52,1015,6.1,195,33,Clouds,scattered clouds
1729807200000,35.1,42,1013,6,152,26,Clouds,scattered clouds
1729810800000,34.7,52,1019,4.8,347,36,Clouds,scattered clouds
1729814400000,36,45,1009,6.2,111,45,Clouds,scattered clouds
1729818000000,36,42,1016,5.6,109,27,Clouds,scattered clouds
1729821600000,36,47,1010,5.6,80,27,Clouds,scattered clouds
1729825200000,36,51,1014,4.5,78,50,Clouds,scattered clouds
1729828800000,36,46,1009,4.4,321,45,Clouds,scattered clouds
1729832400000,36,46,1016,4.3,143,36,Clouds,scattered clouds
1729836000000,36,46,1017,4.2,54,40,Clouds,scattered clouds
1729839600000,36,45,1009,3.7,341,28,Clouds,scattered clouds
1729843200000,36,44,1015,2.2,112,42,Clouds,scattered clouds
1729846800000,36,46,1012,2.3,291,39,Clouds,scattered clouds
1729850400000,36,42,1016,3.3,109,27,Clouds,scattered clouds
1729854000000,36,47,1019,3.7,130,35,Clouds,scattered clouds
1729857600000,36,41,1012,4.6,169,29,Clouds,scattered clouds
1729861200000,36,40,1013,4,106,40,Clouds,scattered clouds
1729864800000,35.3,46,1017,3.8,226,34,Clouds,scattered clouds
1729868400000,34.2,52,1017,6,339,42,Clouds,scattered clouds
1729872000000,34.3,44,1017,5.6,260,44,Clouds,scattered clouds
1729875600000,32,51,1017,4.7,197,42,Clouds,scattered clouds
1729879200000,30.7,56,1014,6.4,196,35,Clouds,scattered clouds
1729882800000,33.2,55,1016,5.6,33,40,Clouds,scattered clouds
1729886400000,31.6,56,1017,4.7,114,39,Clouds,scattered clouds
1729890000000,32.1,54,1008,4.7,37,54,Clouds,scattered clouds
1729893600000,32.4,45,1018,5.5,51,35,Clouds,scattered clouds
1729897200000,32.8,54,1009,5.2,216,38,Clouds,scattered clouds
1729900800000,34.1,52,1015,5.1,195,33,Clouds,scattered clouds
1729904400000,36,41,1013,4.4,152,25,Clouds,scattered clouds
1729908000000,36,44,1015,2.6,112,42,Clouds,scattered clouds
1729911600000,36,45,1009,3.6,111,45,Clouds,scattered clouds
1729915200000,36,42,1016,2.8,109,27,Clouds,scattered clouds
1729918800000,36,45,1011,2.9,318,46,Clouds,scattered clouds
1729922400000,36,51,1014,3.1,78,50,Clouds,scattered clouds
1729926000000,36,40,1013,3.6,106,40,Clouds,scattered clouds
1729929600000,36,45,1017,3.5,226,34,Clouds,scattered clouds
1729933200000,36,46,1017,5.1,54,40,Clouds,scattered clouds
1729936800000,36,45,1009,5.4,341,28,Clouds,scattered clouds
1729940400000,36,44,1015,4.6,112,42,Clouds,scattered clouds
1729944000000,36,50,1010,4.9,184,46,Clouds,scattered clouds
1729947600000,36,51,1016,5.6,33,38,Clouds,scattered clouds
1729951200000,33.6,50,1019,5.6,130,37,Clouds,scattered clouds
1729954800000,32.5,46,1012,5.9,169,33,Clouds,scattered clouds
1729958400000,33.8,43,1018,5.8,51,33,Clouds,scattered clouds
1729962000000,30.9,58,1016,4.9,224,44,Clouds,scattered clouds
1729965600000,31.1,55,1017,5.5,339,45,Clouds,scattered clouds
1729969200000,29.9,55,1019,5,18,32,Clouds,scattered clouds
1729972800000,29.5,54,1017,3,197,44,Clouds,scattered clouds
1729976400000,31.2,56,1014,4.2,196,35,Clouds,scattered clouds
1729980000000,31.4,48,1009,3.5,69,40,Clouds,scattered clouds
1729983600000,32,56,1017,2,114,38,Clouds,scattered clouds
1729987200000,32.2,50,1019,2.8,315,34,Clouds,scattered clouds
1729990800000,35.1,42,1018,4.3,51,32,Clouds,scattered clouds
1729994400000,35,51,1009,4.7,216,36,Clouds,scattered clouds
1729998000000,35.8,47,1009,4.7,278,39,Clouds,scattered clouds
1730001600000,36,52,1011,5.1,295,48,Clouds,scattered clouds
1730005200000,36,42,1016,4.4,187,37,Clouds,scattered clouds
1730008800000,36,50,1016,4.6,210,42,Clouds,scattered clouds
1730012400000,36,43,1009,4.9,150,38,Clouds,scattered clouds
1730016000000,36,47,1010,6.4,241,43,Clouds,scattered clouds
1730019600000,36,42,1007,5.4,171,42,Clouds,scattered clouds
1730023200000,36,49,1007,6,304,34,Clouds,scattered clouds
1730026800000,36,47,1018,5.3,155,35,Clouds,scattered clouds
1730030400000,36,46,1017,4.2,51,48,Clouds,scattered clouds
1730034000000,34.5,50,1007,3.7,68,45,Clouds,scattered clouds
1730037600000,34.7,46,1012,4.7,237,28,Clouds,scattered clouds
1730041200000,31.8,54,1010,4.3,164,41,Clouds,scattered clouds
1730044800000,33.1,48,1016,3,359,36,Clouds,scattered clouds
1730048400000,30.5,51,1013,3.2,56,34,Clouds,scattered clouds
1730052000000,30.8,52,1010,3.2,299,34,Clouds,scattered clouds
1730055600000,31.2,55,1018,2.6,93,55,Clouds,scattered clouds
1730059200000,29.9,58,1011,4.7,212,36,Clouds,scattered clouds
1730062800000,30.3,49,1016,4.2,151,49,Clouds,scattered clouds
1730066400000,30.9,56,1008,5,283,50,Clouds,scattered clouds
1730070000000,32.1,48,1018,5.5,69,42,Clouds,scattered clouds
1730073600000,32.9,53,1012,5.6,187,35,Clouds,scattered clouds
1730077200000,32.8,54,1008,6,248,51,Clouds,scattered clouds
1730080800000,35.4,45,1013,6,56,30,Clouds,scattered clouds
1730084400000,35.5,51,1012,4.8,265,53,Clouds,scattered clouds
1730088000000,36,42,1017,6.4,348,44,Clouds,scattered clouds
1730091600000,36,50,1011,6.2,212,30,Clouds,scattered clouds
1730095200000,36,52,1017,5.2,175,30,Clouds,scattered clouds
1730098800000,36,49,1007,5.6,294,47,Clouds,scattered clouds
1730102400000,36,42,1016,3.7,187,37,Clouds,scattered clouds
1730106000000,36,49,1010,4.6,164,37,Clouds,scattered clouds
1730109600000,36,44,1016,3.4,359,33,Clouds,scattered clouds
1730113200000,36,47,1010,4,241,43,Clouds,scattered clouds
1730116800000,34.9,43,1007,2.6,171,44,Clouds,scattered clouds
1730120400000,34.1,52,1007,3.6,304,36,Clouds,scattered clouds
1730124000000,34.5,52,1012,3.9,41,31,Clouds,scattered clouds
1730127600000,32.7,46,1016,3.9,151,47,Clouds,scattered clouds
1730131200000,30.2,55,1007,3.4,68,49,Clouds,scattered clouds
1730134800000,31.2,51,1012,5.2,237,31,Clouds,scattered clouds
1730138400000,29.4,57,1012,5.4,187,39,Clouds,scattered clouds
1730142000000,29.6,59,1009,4.6,157,46,Clouds,scattered clouds
1730145600000,27.9,55,1013,5.9,56,37,Clouds,scattered clouds
1730149200000,28.7,60,1012,4.8,265,60,Clouds,scattered clouds
1730152800000,31.1,55,1018,4.8,93,55,Clouds,scattered clouds
1730156400000,29.2,58,1011,6.4,212,36,Clouds,scattered clouds
1730160000000,30.7,56,1017,5.7,305,44,Clouds,scattered clouds
1730163600000,33,53,1008,5.5,283,48,Clouds,scattered clouds
1730167200000,32.4,52,1015,5.3,303,34,Clouds,scattered clouds
1730170800000,32.5,53,1012,4.9,187,36,Clouds,scattered clouds
1730174400000,36,50,1008,4.6,248,48,Clouds,scattered clouds
1730178000000,35.1,52,1016,4.1,101,42,Clouds,scattered clouds
1730181600000,35.7,51,1012,2.3,265,53,Clouds,scattered clouds
1730185200000,35.6,43,1017,3.5,348,44,Clouds,scattered clouds
1730188800000,35.1,43,1012,2.9,149,27,Clouds,scattered clouds
1730192400000,35.2,53,1017,3.6,175,31,Clouds,scattered clouds
1730196000000,34.8,49,1011,3.1,283,35,Clouds,scattered clouds
1730199600000,34.6,53,1019,5.2,313,39,Clouds,scattered clouds
1730203200000,34.7,50,1010,5.3,164,39,Clouds,scattered clouds
1730206800000,32.6,48,1016,4.8,359,37,Clouds,scattered clouds
1730210400000,32.8,51,1010,6.1,241,47,Clouds,scattered clouds
1730214000000,29.7,53,1010,5.8,299,35,Clouds,scattered clouds
1730217600000,30.6,56,1018,4.8,93,56,Clouds,scattered clouds
1730221200000,29,58,1012,6,41,36,Clouds,scattered clouds
1730224800000,26.9,53,1016,5.5,151,52,Clouds,scattered clouds
1730228400000,28.3,59,1008,5.7,283,52,Clouds,scattered clouds
1730232000000,26.8,54,1018,5.6,69,47,Clouds,scattered clouds
1730235600000,26.6,60,1012,5.2,187,41,Clouds,scattered clouds
1730239200000,28.7,59,1008,5,248,55,Clouds,scattered clouds
1730242800000,26.9,56,1013,4.4,56,38,Clouds,scattered clouds
1730246400000,27.7,61,1012,2.7,265,61,Clouds,scattered clouds
1730250000000,30.8,56,1008,2.8,54,54,Clouds,scattered clouds
1730253600000,29.5,58,1011,3.4,212,36,Clouds,scattered clouds
1730257200000,31.2,57,1017,3.1,175,35,Clouds,scattered clouds
1730260800000,31.1,56,1008,3.9,283,50,Clouds,scattered clouds
1730264400000,31.2,53,1015,4.5,303,35,Clouds,scattered clouds
1730268000000,34.4,44,1012,3.4,298,42,Clouds,scattered clouds
1730271600000,33.1,53,1008,5.3,248,51,Clouds,scattered clouds
1730275200000,32.7,55,1016,5.6,101,45,Clouds,scattered clouds
1730278800000,31.7,56,1011,6.1,276,53,Clouds,scattered clouds
1730282400000,33,46,1017,6.4,348,47,Clouds,scattered clouds
1730286000000,30.9,48,1017,6.4,19,43,Clouds,scattered clouds
1730289600000,29.5,55,1014,5.3,333,43,Clouds,scattered clouds
1730293200000,30,55,1011,4.6,283,39,Clouds,scattered clouds
1730296800000,29.5,59,1019,6.1,313,44,Clouds,scattered clouds
1730300400000,26.2,60,1010,5.6,164,47,Clouds,scattered clouds
1730304000000,27,62,1009,4,157,48,Clouds,scattered clouds
1730307600000,26.1,57,1013,4.8,56,39,Clouds,scattered clouds
1730311200000,25.4,58,1010,4.3,299,39,Clouds,scattered clouds
1730314800000,22.4,66,1018,2.7,93,64,Clouds,scattered clouds
1730318400000,23.8,65,1011,3.8,212,42,Clouds,scattered clouds
1730322000000,24.3,64,1017,3,305,51,Clouds,scattered clouds
1730325600000,22.8,65,1008,3.5,283,58,Clouds,scattered clouds
1730329200000,24.5,61,1015,4.1,303,42,Clouds,scattered clouds
1730332800000,23.5,64,1012,4.5,187,44,Clouds,scattered clouds
1730336400000,26.6,61,1008,5,248,57,Clouds,scattered clouds
1730340000000,25.7,53,1017,4.3,254,37,Clouds,scattered clouds
1730343600000,27.4,61,1012,4.3,265,61,Clouds,scattered clouds
1730347200000,28.9,51,1017,6.3,348,51,Clouds,scattered clouds
1730350800000,28.3,60,1011,6.4,212,37,Clouds,scattered clouds
1730354400000,28.7,60,1017,5.6,175,37,Clouds,scattered clouds
1730358000000,28.8,56,1011,4.7,283,40,Clouds,scattered clouds
1730361600000,29.3,55,1015,5.9,303,37,Clouds,scattered clouds
1730365200000,28.8,50,1012,4.2,298,47,Clouds,scattered clouds
1730368800000,27,62,1013,4.1,294,60,Clouds,scattered clouds
1730372400000,27.7,61,1016,5.2,101,49,Clouds,scattered clouds
1730376000000,25.5,63,1009,5.1,50,51,Clouds,scattered clouds
1730379600000,24.4,59,1017,4,298,36,Clouds,scattered clouds
1730383200000,22.6,58,1017,4.2,19,51,Clouds,scattered clouds
1730386800000,20.8,66,1014,2.7,333,51,Clouds,scattered clouds
1730390400000,19.8,67,1011,1.9,283,49,Clouds,scattered clouds
1730394000000,20.5,70,1009,3,80,50,Clouds,scattered clouds
1730397600000,20.1,69,1011,3.3,354,46,Clouds,scattered clouds
1730401200000,18.1,73,1009,3.4,157,57,Clouds,scattered clouds
1730404800000,18.7,65,1013,5,56,46,Clouds,scattered clouds
1730408400000,16.8,74,1012,4.1,265,71,Clouds,scattered clouds
1730412000000,16.6,72,1008,4.9,54,68,Clouds,scattered clouds
1730415600000,19,71,1011,6.2,212,46,Clouds,scattered clouds
1730419200000,18.9,72,1017,5.6,175,47,Clouds,scattered clouds
